ID_DEVELOPPER;DEVELOPER;ACTIVE;HEADQUARTERS_CITY;HEADQUARTERS_COUNTRY;CREATION_DATE;NOTES
0verflow;0verflow;1;Tokyo;Japan;01/01/1997;"Visual Novel brand (both developer and publisher)"
11bitstudios;11 bit studios;1;Warsaw;Poland;01/01/2010;"Indie developer/publisher"
1ccompany;1C Company;1;Moscow;Russia;01/01/1991;"Game localization. The game development subsidiary, Snowball StudiosÂ [ru], was dissolved and former employees of the studios formed Snowbird Game Studios."
1upstudio;1-Up Studio;1;Tokyo;Japan;01/01/2000;"Subsidiary of Nintendo"
2kczech;2K Czech;0;Brno;Czech Republic;01/01/1997;"Former subsidiary of 2K Games; previously known as Illusion Softworks; closed in 2017 after merged into Hangar 13"
2kgames;2K Games;1;Novato;United States;01/01/2005;"Developer/publisher/distributor/marketer; owned by Take-Two Interactive"
2ksports;2K Sports;1;Novato;United States;01/01/2005;"Developer/publisher and subsidiary of 2K Games"
343industries;343 Industries;1;Redmond;United States;01/01/2009;"Subsidiary of Microsoft Studios, took over development for the Halo franchise from Bungie"
38studios;38 Studios;0;Providence;United States;01/01/2006;"Defunct in 2012; their assets were acquired by THQ Nordic"
3drealms;3D Realms;1;Garland;United States;01/01/1987;""
42entertainment;42 Entertainment;1;Pasadena;United States;01/01/1993;""
4agames;4A Games;1;KievSliema;Ukraine;01/01/2005;"They moved its headquarters from Ukraine to Malta"
5thcell;5th Cell;1;Bellevue;United States;01/01/2003;""
989studios;989 Studios;0;Foster City;United States;01/01/1995;"Division of Sony Computer Entertainment America"
acclaimentertainment;Acclaim Entertainment;0;Glen Cove;United States;01/01/1987;"Developer/Publisher; declared Bankruptcy August 2004"
acclaimstudiosaustin;Acclaim Studios Austin;0;Santa Clara;United States;01/01/1991;"Acquired by Acclaim Entertainment in 1995"
accolade;Accolade;0;San Jose;United States;01/01/1984;"Former publisher and developer. Acquired by Atari, SA nÃ©e Infogrames in 1999, name retired."
accessgames;Access Games;1;Osaka;Japan;01/01/2002;"Subsidiary of Digital Media LabÂ [ja]"
accesssoftware;Access Software;0;Salt Lake City;United States;01/01/1982;"Acquired by Microsoft"
aceteam;ACE Team;1;Santiago de Chile;Chile;01/01/2007;""
acesstudio;Aces Studio;0;Redmond;United States;;"Acquired by Microsoft"
acherondesign;Acheron Design;0;Melbourne;Australia;01/01/2004;"Voluntary deregistered in 2013.[1]"
acquire;Acquire;1; Tokyo;Japan;01/01/1994;"Developer/publisher and subsidiary of GungHo Online Entertainment"
actionforms;Action Forms;0;Kiev;Ukraine;01/01/1995;"Their main employees moved to Tatem Games"
activegamingmedia;Active Gaming Media;1;Osaka;Japan;01/01/2006;"Game localization, debugging/testing, international indie game distribution, publishing"
activision;Activision;1;Santa Monica;United States;01/01/1979;"Also video game publisher; acquired several other developers; merged with Vivendi to form Activision Blizzard in 2008"
adventuresoft;Adventure Soft;0;Birmingham;UK;01/01/1992;"The development company is now defunct but the publishing company, Adventure Soft Publishing, is still active."
akella;Akella;0;Moscow;Russia;01/01/1995;"Defunct in 2012"
alfasystem;Alfa System;1;Kumamoto City;Japan;01/01/1988;""
alphadream;AlphaDream;0;Tokyo;Japan;01/01/2000;"Defunct in 2019"
amazongamestudios;Amazon Game Studios;1;Seattle;United States;01/01/2012;"Subsidiary of Amazon.com"
orangecountyformerlydoublehelixgames;Orange County (formerly Double Helix Games);1;Irvine;United States;01/01/2007;"acquired by Amazon and incorporated in Amazon Game Studios"
ambrella;Ambrella;1;Tokyo;Japan;01/01/1996;""
amusementvision;Amusement Vision;0;Tokyo;Japan;01/01/2000;"Subsidiary of Sega"
ancient;Ancient;1;Hino;Japan;01/01/1990;""
anino;Anino;1;Manila;Philippines;01/01/2001;""
ankamagames;Ankama Games;1;Roubaix;France;01/01/2001;""
appyentertainment;Appy Entertainment;0;Carlsbad;United States;01/01/2008;""
aqinteractive;AQ Interactive;0;Tokyo;Japan;01/01/2005;"Merged into Marvelous Entertainment in 2011"
arcsystemworks;Arc System Works;1;Yokohama;Japan;01/01/1988;"Developer/publisher"
arcanekids;Arcane Kids;1;Los Angeles;United States;01/01/2010;""
arkanestudios;Arkane Studios;1;Lyon;France;01/01/1999;"Subsidiary of ZeniMax Media"
arkedostudio;Arkedo Studio;0;Paris;France;01/01/2006;"Defunct in 2013"
arenanet;ArenaNet;1;Bellevue;United States;01/01/2000;"Subsidiary of NCSoft"
arika;Arika;1;Tokyo;Japan;01/01/1995;""
ltd;Ltd;1;Tokyo;Japan;01/01/1995;""
artdink;Artdink;0;Tsukishima;Japan;01/01/1986;""
artepiazza;ArtePiazza;0;Tokyo;Japan;01/01/1989;""
artificialstudios;Artificial Studios;1;Gainesville;United States;01/01/2001;"Subsumed by Ignition Entertainment which was defunct in 2012"
artoon;Artoon;0;Yokohama;Japan;01/01/1999;"Subsidiary of AQ Interactive; defunct in 2010"
arzest;Arzest;1;Yokohama;Japan;01/01/2010;"Formed by former employees of Artoon"
ascaron;Ascaron;0;GÃ¼tersloh;Germany;01/01/1989;"Developer/publisher; closed in 2009"
asobostudio;Asobo Studio;1;Bordeaux;France;01/01/2002;""
atariinteractiveformerlyhasbrointeractive;Atari Interactive (formerly Hasbro Interactive);0;Pawtucket;United States;01/01/1995;"Acquired by Infogrames in 2001"
atlus;Atlus;1;Tokyo;Japan;01/01/1986;"Developer/publisher; acquired by Sega in 2013"
atomicplanetentertainment;Atomic Planet Entertainment;0;Middlesbrough;UK;01/01/2000;"Closed in 2009"
atticentertainmentsoftware;Attic Entertainment Software;0;Albstadt;Germany;01/01/1990;"Developer/publisher; defunct in 2001"
avalanchestudios;Avalanche Studios;1;Stockholm;Sweden;01/01/2003;"Acquired by Nordisk Film in 2018"
aventurinesa;Aventurine SA;0;Athens;Greece;01/01/2002;""
babaroga;Babaroga;1;Chicago;United States;01/01/2001;""
backflipstudios;Backflip Studios;0;Boulder;United States;01/01/2009;"Subsidiary of Hasbro; closed in 2019[2]"
bandai;Bandai;1;Tokyo;Japan;01/01/1950;"Subsidiary of Bandai Namco Holdings; the console game division was merged into Namco Bandai Games in 2006"
bandainamcoentertainmentbandainamcostudios;Bandai Namco EntertainmentBandai Namco Studios;1;Tokyo;Japan;01/01/1955;"Bandai Namco Entertainment is a subsidiary of Bandai Namco Holdings; Bandai Namco Studios was split off from Bandai Namco Entertainment in 2012"
banpresto;Banpresto;0;Tokyo;Japan;01/01/1977;"Acquired by Namco Bandai Holdings in 2006; The video game division was merged into BEC (currently B.B. Studio) in 2011"
bauhausentertainment;Bauhaus Entertainment;1;Tokyo;Japan;01/01/2006;"Division of Imagica DigitalScapeÂ [ja]"
bbstudio;B.B. Studio;1;Tokyo;Japan;01/01/1994;"Subsidiary of Bandai Namco Entertainment"
beenox;Beenox;1;Quebec City;Canada;01/01/2000;"Acquired by Activision on May 25, 2005"
behaviourinteractive;Behaviour Interactive;1;Montreal;Canada;01/01/1992;""
behavioursantiago;Behaviour Santiago;0;Santiago de Chile;Chile;01/01/2002;"Subsidiary of Behaviour Interactive; closed in 2017"
bethesdagamestudios;Bethesda Game Studios;1;Rockville;United States;01/01/2001;"In-house development team of Bethesda Softworks LLC"
bigfinishgames;Big Finish Games;1;Salt Lake City;United States;01/01/2007;""
bighugegames;Big Huge Games;1;Baltimore;United States;01/01/2000;"Acquired by Nexon in 2016"
bioware;BioWare;1;Edmonton;Canada;01/01/1995;"Acquired by Electronic Arts in 2007"
thebitmapbrothers;The Bitmap Brothers;0;London;UK;01/01/1987;"Dissolved.[3][4] Their portfolio was acquired by Rebellion Developments in 2019.[5]"
bestway;Best Way;1;Luhansk;Ukraine;01/01/1991;""
bitsstudios;Bits Studios;0;London;UK;01/01/1991;"Acquired by PlayWize in 2008"
bizarrecreations;Bizarre Creations;0;Liverpool;UK;01/01/1994;"Defunct in 2011"
blackforestgames;Black Forest Games;1;Offenburg;Germany;01/01/2012;"Acquired by THQ Nordic in 2017"
blackislestudios;Black Isle Studios;0;Orange County;United States;01/01/1996;"Subsidiary of Interplay Entertainment; closed in 2003"
blackrockstudio;Black Rock Studio;0;Brighton;UK;01/01/1998;"Defunct in 2011"
blackwingfoundation;Black Wing Foundation;1;Dnipro;Ukraine;01/01/2006;""
blitzgamesstudios;Blitz Games Studios;0;Leamington Spa;UK;01/01/1990;"Liquidated[6]"
blizzardentertainment;Blizzard Entertainment;1;Irvine;United States;01/01/1991;"Developer/publisher; acquired by Vivendi and became part of Vivendi Games group in 1998; merged into Activision Blizzard in 2008"
blueside;Blueside;1;Seoul;South Korea;01/01/2003;"Founded by former employees of Phantagram"
bluefanggames;Blue Fang Games;0;Waltham;United States;01/01/1998;"Shut down in 2011"
bluetongueentertainment;Blue Tongue Entertainment;0;Melbourne;Australia;01/01/1995;"Shut down in 2011; subsidiary of THQ"
bluehole;Bluehole;1;Seongnam;South Korea;01/01/2007;""
bohemiainteractive;Bohemia Interactive;1;Prague;Czech Republic;01/01/1999;""
bossfightentertainment;Boss Fight Entertainment;1;McKinney;United States;01/01/2013;""
bosskeyproductions;Boss Key Productions;0;Raleigh;United States;01/01/2014;"Founded by Cliff Bleszinski and Arjan Brussee"
breakawaygames;BreakAway Games;1;Hunt Valley;United States;01/01/1998;""
brderbund;Brï¿½derbund;0;Eugene;United States;01/01/1980;"Cosed in 1998"
bugbearentertainment;Bugbear Entertainment;1;Helsinki;Finland;01/01/2000;"Acquired by THQ Nordic in 2018"
bullfrogproductions;Bullfrog Productions;0;Guildford;UK;01/01/1987;"Acquired by Electronic Arts in 1995 and closed in 2001"
bungie;Bungie;1;Bellevue;United States;01/01/1991;"Formerly a subsidiary of Microsoft Game Studios"
camelotsoftwareplanning;Camelot Software Planning;1;Tokyo;Japan;01/01/1990;""
capcom;Capcom;1;Osaka;Japan;01/01/1979;"Developer/publisher"
capcomvancouver;Capcom Vancouver;0;Burnaby;Canada;01/01/2005;"Founded as Blue Castle Games; acquired by Capcom in 2010; closed in September 18, 2018"
carbinestudios;Carbine Studios;0;Aliso Viejo;United States;01/01/2005;"Subsidiary of NCSoft"
cattlecall;Cattle Call;1;Tokyo;Japan;01/01/1998;"Formed by former employees of Data East"
cauldron;Cauldron;0;Bratislava;Slovakia;01/01/1996;"Their assets were acquired by Bohemia Interactive[7]"
cave;Cave;1; Tokyo;Japan;01/01/1994;""
cavia;Cavia;0;Tokyo;Japan;01/01/2000;""
ccpgames;CCP Games;1;ReykjavÃ­k;Iceland;01/01/1997;"Their Newcastle studio was acquired by Sumo Digital. CCP Games itself was acquired by Pearl Abyss."
cdprojektred;CD Projekt Red;1;Warsaw;Poland;01/01/2002;"Game development studio of CD Projekt"
certainaffinity;Certain Affinity;1;Austin;United States;01/01/2006;"Co-developed the Halo series"
chairentertainment;Chair Entertainment;1;Salt Lake City;United States;01/01/2005;"Subsidiary of Epic Games"
chunsoft;Chunsoft;0; Tokyo;Japan;01/01/1984;"Merged with Spike to become Spike Chunsoft in 2012"
cing;Cing;0;Fukuoka;Japan;01/01/1999;""
claphanz;Clap Hanz;1;Yokohama;Japan;01/01/1998;""
climaxentertainment;Climax Entertainment;0;Tokyo;Japan;01/01/1990;""
climaxstudios;Climax Studios;1;Portsmouth;UK;01/01/1988;""
cloverstudio;Clover Studio;0;Osaka;Japan;01/01/2004;"Subsidiary of Capcom; became defunct in 2007"
codedillusions;Coded Illusions;0;Rotterdam;The Netherlands;01/01/2005;""
codemasters;Codemasters;1;Southam;UK;01/01/1985;"Former subsidiary of Reliance Entertainment; developer/publisher"
coffeestainstudios;Coffee Stain Studios;1;SkÃ¶vde;Sweden;01/01/2010;"Acquired by THQ Nordic AB (latterly Embracer Group) in 2018"
cohortstudios;Cohort Studios;0;Cardiff;Wales;01/01/2006;""
coktelvision;Coktel Vision;0;Paris;France;01/01/1985;"Former publisher"
colossalorder;Colossal Order;1;Tampere;Finland;01/01/2009;"Developer for Paradox Interactive"
compileheart;Compile Heart;1;Tokyo;Japan;01/01/2006;"Developer/publisher; subsidiary of Idea Factory"
compulsiongames;Compulsion Games;1;Montreal;Canada;01/01/2009;"Acquired by Microsoft Studios in 2018"
coredesign;Core Design;0;Derby;UK;01/01/1988;"Subsidiary of Eidos Interactive; closed down in 2006"
craftsmeister;Crafts & Meister;1;Osaka;Japan;01/01/2004;""
crawfishinteractive;Crawfish Interactive;0;Croydon;UK;01/01/1997;"Defunct in 2002"
creatstudios;Creat Studios;1;Canton;United States;01/01/1990;""
creativeassembly;Creative Assembly;1;Horsham;UK;01/01/1987;"Acquired by Sega in 2005"
creatures;Creatures;1;Tokyo;Japan;01/01/1995;""
criteriongames;Criterion Games;1;Guildford;UK;01/01/1993;"Subsidiary of Electronic Arts"
croteam;Croteam;1;Zagreb;Croatia;01/01/1993;""
cryointeractive;Cryo Interactive;0;Paris;France;01/01/1992;"Bankrupt in 2002"
culturebrainexcel;Culture Brain Excel;1;Tokyo;Japan;01/01/1980;""
createch;Crea-Tech;0;Tokyo;Japan;01/01/1988;""
crypticstudios;Cryptic Studios;1;Los Gatos;United States;01/01/2000;"Subsidiary of Perfect World"
crystaldynamics;Crystal Dynamics;1;Redwood City;United States;01/01/1992;"Acquired by Square Enix in 2009"
crytek;Crytek;1;Frankfurt;Germany;01/01/1999;""
crytekuk;Crytek UK;0;Nottingham;UK;01/01/1999;"Founded as Free Radical Design; acquired by Crytek in 2009; defunct in 2014"
cyanworlds;Cyan Worlds;1;Mead;United States;01/01/1987;""
cyanide;Cyanide;1;Nanterre;France;01/01/2000;"Acquired by Bigben Interactive in 2018"
cyberdreams;Cyberdreams;1;Liverpool;UK;01/01/2007;"Developer/publisher; successor of Ultrasoft"
cyberconnect2;CyberConnect2;1;Fukuoka;Japan;01/01/1996;""
cyberlorestudiosbluelinesimulations8;Cyberlore Studios (Blueline Simulations[8]);1;Northampton;United States;01/01/1992;"Developer of computer games"
cyberstep;CyberStep;1;Tokyo;Japan;01/01/2000;"Developer/publisher of global online games"
cygames;Cygames;1;Tokyo;Japan;01/01/2011;"Subsidiary of CyberAgent"
dambusterstudios;Dambuster Studios;1;Nottingham;UK;01/01/2014;"Formed by former employees of Crytek UK; acquired by Koch Media in 2014 and managed by its Deep Silver division"
dangerclosegames;Danger Close Games;0;Los Angeles;United States;01/01/1995;"Subsidiary of Electronic Arts; defunct in 2013"
day1studios;Day 1 Studios;0;Chicago;United States;01/01/2001;"Merged with WarGaming[9]"
daybreakgamecompany;Daybreak Game Company;1;San Diego;United States;01/01/1997;""
deadlinegames;Deadline Games;0;Copenhagen;Denmark;01/01/1996;""
deck13;Deck13;1;Frankfurt;Germany;01/01/2001;""
deepsilvervolition;Deep Silver Volition;1;Champaign;United States;01/01/1996;"Acquired by Koch Media in 2013 and managed by its Deep Silver division"
demiurgestudios;Demiurge Studios;1;Cambridge;United States;01/01/2002;"acquired by Sega in 2015"
dena;DeNA;1;Tokyo;Japan;01/01/1999;""
devcatstudiosnexondevelopment3rddivision;devCAT Studios (Nexon development 3rd division);1;Seoul;South Korea;01/01/2001;"Division of Nexon Korea"
dhruvainteractive;Dhruva Interactive;0;Bangalore;India;01/01/1997;"Acquired by Starbreeze Studios in 2016 and then they were acquired by Rockstar Games and were merged into Rockstar India in 2019"
diegutefabrik;Die Gute Fabrik;1;Copenhagen;Denmark;01/01/2006;""
digitalextremes;Digital Extremes;1;London;Canada;01/01/1993;"Subsidiary of Leyou; Founded by James Schmalz, co-creator of Unreal series."
digitaleclipse;Digital Eclipse;1;Emeryville;United States;01/01/1992;"Division of Other Ocean Group[10]"
digitalmindsoft;Digitalmindsoft;1;Ulm;Germany;01/01/2006;""
digitalreality;Digital Reality;0;Budapest;Hungary;01/01/1991;"Defunct in 2013; their assets were acquired by Nordic Games[11]"
dimps;Dimps;1;Osaka;Japan;01/01/2000;""
disneyinteractivestudios;Disney Interactive Studios;0;Glendale;United States;01/01/1988;"Publisher and subsidiary of The Walt Disney Company; closed in 2016"
dontnodentertainment;Dontnod Entertainment;1;Paris;France;01/01/2008;""
dotemu;DotEmu;1;Paris;France;01/01/2007;""
doublefineproductions;Double Fine Productions;1;San Francisco;United States;01/01/2000;"Founded by former employees of LucasArts; acquired by Microsoft in 2019"
dynamix;Dynamix;0;Eugene;United States;01/01/1984;"Closed in 2001"
dovetailgames;Dovetail Games;1;Chatham;UK;01/01/2008;""
thedovetailgroup;The Dovetail Group;0;;United States;01/01/1984;"Early developer of music video games"
eablackbox;EA Black Box;0;British Columbia;Canada;01/01/1998;"Subsidiary of Electronic Arts; closed in 2013"
eadigitalillusionsceeadice;EA Digital Illusions CE (EA DICE);1;Stockholm;Sweden;01/01/1992;"Acquired by Electronic Arts in 2004"
eavancouverformerlydistinctivesoftware;EA Vancouver (formerly Distinctive Software);1;Burnaby;Canada;01/01/1982;"Acquired by Electronic Arts in 1991"
eatsleepplay;Eat Sleep Play;0;Salt Lake City;United States;01/01/2007;"Defunct in 2017"
egosoft;Egosoft;1;WÃ¼rselen;Germany;01/01/1988;""
edengames;Eden Games;1;Lyon;France;01/01/1998;"Former subsidiary of Atari SA"
eighting;Eighting;1;Tokyo;Japan;01/01/1993;"Acquired by COLOPL"
electronicarts;Electronic Arts;1;Redwood City;United States;01/01/1982;"Developer/publisher/distributor"
elementalgames;Elemental Games;0;Vladivostok;Russia;01/01/1999;"Defunct in 2015"
enginesoftware;Engine Software;1;Doetinchem;The Netherlands;01/01/1995;"Also middleware developer"
ensemblestudios;Ensemble Studios;0;Dallas;United States;01/01/1995;"Former subsidiary of Microsoft Studios"
epicgames;Epic Games;1;Cary;United States;01/01/1991;"Developer, publisher, and distributor"
epics;Epics;1;Tokyo;Japan;01/01/1987;""
epicenterstudios;Epicenter Studios;0;Sherman Oaks;United States;01/01/2007;""
epyx;Epyx;0;San Francisco;United States;01/01/1978;"Developer/publisher, defunct 1993"
esaformerlysoftmax;ESA (formerly Softmax);0;Seoul;South Korea;01/01/1994;"ESA left from game business. The former employees formed Studio 4Leaf and the studio was acquired by NextFloorÂ [ko].[12]"
trangeslibellules;Ã‰tranges Libellules;0;Lyon;France;01/01/1994;""
eugensystems;Eugen Systems;1;Paris;France;01/01/2000;""
eurocom;Eurocom;0;Derby;UK;01/01/1988;""
evolutionstudios;Evolution Studios;0;Runcorn;UK;01/01/1999;"Division of SIE Worldwide Studios and subsidiary of Sony Computer Entertainment; defunct in 2016"
examu;Examu;0;Tokyo;Japan;01/01/2007;"Their business operations were suspended in 2020 and their business was taken over by Team Arcana.[13]"
eyedentitygames;Eyedentity Games;1;Seoul;South Korea;01/01/2007;"Acquired by Shanda Games (currently Shengqu Games) in 2010"
f4;F4;1;Paris;France;01/01/2002;""
facepunchstudios;Facepunch Studios;1;Walsall;UK;01/01/2009;""
farsightstudios;FarSight Studios;1;Big Bear Lake;United States;01/01/1989;""
fasastudio;FASA Studio;0;Redmond;United States;01/01/1994;"defunct in 2007"
fatshark;Fatshark;1;Stockholm;Sweden;01/01/2008;"Subsidiary of Tencent"
feelplus;feelplus;0;Tokyo;Japan;01/01/1992;"Merged into AQ Interactive"
felistella;Felistella;1;Gifu;Japan;01/01/2010;""
firaxisgames;Firaxis Games;1;Sparks;United States;01/01/1996;"Subsidiary of 2K Games; founded by former employees of MicroProse."
fireflystudios;Firefly Studios;1;London;UK;01/01/1999;""
firesprite;Firesprite;1;Liverpool;UK;01/01/2012;"Formed by former employees of SCE Studio Liverpool"
firststarsoftware;First Star Software;0;Chappaqua;United States;01/01/1982;"Defunct in 2018. Their name and assets were acquired by BBG Entertainment"
flagshipstudios;Flagship Studios;0;San Francisco;United States;01/01/2003;"Closed down in 2008"
flightplan;Flight-Plan;0;Gifu;Japan;01/01/1989;"Defunct in 2010"
flyingwildhog;Flying Wild Hog;1;Warsaw;Poland;01/01/2009;""
foundation9entertainment;Foundation 9 Entertainment;0;Emeryville;United States;01/01/1992;"Dissolved in 2016"
foxdigitalentertainment;Fox Digital Entertainment;0;;United States;01/01/2002;"Subsidiary of 20th Century Studios. The company is still exists but 20th Century Fox's video game business was rearranged to FoxNext."
foxnext;FoxNext;1;;United States;01/01/2017;"Division of 20th Century Studios. Their game development studios will be acquired by Scopely in 2020.[14]"
frictionalgames;Frictional Games;1;Helsingborg;Sweden;01/01/2001;""
frogwares;Frogwares;1;Kiev;Ukraine;01/01/2000;""
fromsoftware;FromSoftware;1;Tokyo;Japan;01/01/1986;"Subsidiary of Kadokawa Corporation"
frontierdevelopments;Frontier Developments;1;Cambridge;UK;01/01/1994;""
frozenbyte;Frozenbyte;1;Helsinki;Finland;01/01/2001;""
ftlgames;FTL Games;0;San Diego;United States;01/01/1982;"Closed in 1982"
funlabs;FUN Labs;1;Bucharest;Romania;01/01/1999;""
funcom;Funcom;1;Oslo;Norway;01/01/1993;"Developer/publisher"
furyu;FuRyu;1;Tokyo;Japan;01/01/2007;""
futuremark;Futuremark;0;Espoo;Finland;01/01/1997;"Their game development division was acquired by Rovio Entertainment. Futuremark itself was acquired by UL and was merged into them."
gaijinentertainment;Gaijin Entertainment;1;Moscow;Russia;01/01/2002;""
gamearts;Game Arts;1; Tokyo;Japan;01/01/1985;"Subsidiary of GungHo Online Entertainment"
gamefreak;Game Freak;1; Tokyo;Japan;01/01/1989;""
gamehouse;GameHouse;1;Seattle;United States;01/01/1998;"Casual game developer, publisher and portal; acquired by RealNetworks"
gameloft;Gameloft;1;Paris;France;01/01/1999;"Subsidiary of Vivendi; developer/publisher of mobile games"
gearboxsoftware;Gearbox Software;1;Plano;United States;01/01/1999;""
geewa;Geewa;1;Prague;Czech Republic;01/01/2005;""
genki;Genki;1; Tokyo;Japan;01/01/1990;"Subsidiary of Daikoku DenkiÂ [ja]"
ghostgames;Ghost Games;1;Gothenburg;Sweden;01/01/2011;"Subsidiary of Electronic Arts"
glumobile;Glu Mobile;1;San Francisco;United States;01/01/2001;"Developer and publisher of mobile games"
gogiigames;Gogii Games;1;Moncton;Canada;01/01/2006;"Developer/publisher"
goodfeel;Good-Feel;1;Kobe;Japan;01/01/2005;"Founded by former employees of Konami"
granzella;Granzella;1;Nonoichi;Japan;01/01/2011;"Founded by former Irem employees"
grasshoppermanufacture;Grasshopper Manufacture;1; Tokyo;Japan;01/01/1998;"Founded by Suda51; acquired by GungHo Online Entertainment in 2013"
gravity;Gravity;1;Seoul;South Korea;01/01/2000;"Subsidiary of GungHo Online Entertainment"
graymatterinteractive;Gray Matter Interactive;0;Los Angeles;United States;01/01/1993;"Merged into Treyarch in 2005"
gremlininteractive;Gremlin Interactive;0;Sheffield;UK;01/01/1984;"Taken over by Infogrames in 1999 studio closed in 2003"
grezzo;Grezzo;0; Tokyo;Japan;01/01/2006;"Second-party developer of Nintendo"
grindinggeargames;Grinding Gear Games;0;Auckland;New Zealand;01/01/2006;"Acquired by Tencent"
griptonitegames;Griptonite Games;0;Kirkland;United States;01/01/1994;"Acquired by Glu Mobile"
gscgameworld;GSC Game World;1;Kiev;Ukraine;01/01/1995;"Defunct in 2011, reopened in 2014"
guerrillacambridge;Guerrilla Cambridge;0;Cambridge;UK;01/01/1997;"Branch of Guerrilla Games and division of SIE Worldwide Studios; closed in 2017"
guerrillagames;Guerrilla Games;1;Amsterdam;The Netherlands;01/01/2000;"Division of SIE Worldwide Studios since 2004"
gunfiregames;Gunfire Games;1;Austin;United States;01/01/2014;"Formed by former employees of Vigil Games; acquired by THQ Nordic in 2019"
gunghoonlineentertainment;GungHo Online Entertainment;1; Tokyo;Japan;01/01/1998;"Developer/publisher"
gust;Gust;1;Nagano;Japan;01/01/1993;"Became a division of Koei Tecmo Games in 2014"
haemimontgames;Haemimont Games;1;Sofia;Bulgaria;01/01/1997;""
hallaboratory;HAL Laboratory;1; Tokyo;Japan;01/01/1980;"Developer closely associated with Nintendo"
halfbrick;Halfbrick;1;Brisbane;Australia;01/01/2001;"Mobile game developer/publisher"
hanaho;Hanaho;0;Cerritos;United States;01/01/1992;""
hand;h.a.n.d.;1;Sapporo;Japan;01/01/1993;""
hangar13;Hangar 13;1;Novato;United States;01/01/2014;"Subsidiary of 2K Games"
harebrainedschemes;Harebrained Schemes;1;Seattle;United States;01/01/2011;"Acquired by Paradox Interactive in 2018"
harmonixmusicsystems;Harmonix Music Systems;1;Cambridge;United States;01/01/1995;"Former subsidiary of Viacom"
headstronggames;Headstrong Games;0;London;UK;01/01/2000;"Subsidiary of Kuju Entertainment; defunct in 2017"
heartbeat;Heartbeat;0;Tokyo;Japan;01/01/1992;""
hbstudios;HB Studios;1;Lunenburg;Canada;01/01/2000;""
herocraft;HeroCraft;1;Kaliningrad;Russia;01/01/2001;""
highimpactgames;High Impact Games;1;Burbank;United States;01/01/2003;"Founded by former employees of Insomniac Games & Naughty Dog"
highmoonstudios;High Moon Studios;1;San Diego;United States;01/01/2005;"Subsidiary of Activision"
highvoltagesoftware;High Voltage Software;1;Hoffman Estates;United States;01/01/1993;""
hoploninfotainment;Hoplon Infotainment;1;FlorianÃ³polis;Brazil;01/01/2004;""
hotheadgames;Hothead Games;1;Vancouver;Canada;01/01/2006;"Founded by former employees of Radical Entertainment"
housemarque;Housemarque;1;Helsinki;Finland;01/01/1995;""
hudsonsoft;Hudson Soft;0;Tokyo;Japan;01/01/1973;"Developer/publisher; acquired and dissolved by Konami"
humanentertainment;Human Entertainment;0;Tokyo;Japan;01/01/1983;""
humanheadstudios;Human Head Studios;0;Madison;United States;01/01/1997;""
humongousentertainment;Humongous Entertainment;1;Bothell;United States;01/01/1992;"Former subsidiary of Infogrames; closed in 2006; their assets and brand were acquired by Tommo and relaunched in 2013"
hyperionentertainment;Hyperion Entertainment;1;Brussels;Belgium;01/01/1999;""
icepicklodge;Ice-Pick Lodge;1;Moscow;Russia;01/01/2002;""
idsoftware;id Software;1;Mesquite;United States;01/01/1991;"Acquired by ZeniMax Media in June 24, 2009"
ideafactory;Idea Factory;1; Tokyo;Japan;01/01/1994;"Developer/publisher"
idolminds;Idol Minds;1;Westminster;United States;01/01/1997;""
imageepoch;Imageepoch;0;Tokyo;Japan;01/01/2005;"Defunct in 2016"
imageform;Image & Form;1;Gothenburg;Sweden;01/01/1997;"Subsidiary of Thunderful"
imagineer;Imagineer;1;Tokyo;Japan;01/01/1986;""
infinityward;Infinity Ward;1;Woodland Hills;United States;01/01/2002;"Acquired by Activision in 2003."
infocom;Infocom;0;Cambridge;United States;01/01/1979;"Closed in 1989."
incognitoentertainment;Incognito Entertainment;0;Salt Lake City;United States;01/01/1999;"Formed by former employees of SingleTrac; subsidiary of SCE Worldwide Studios; defunct in 2009"
incredibletechnologies;Incredible Technologies;0;Arlington Heights;United States;01/01/1985;"Defunct in 2016; arcade game designer, arcade game manufacturer"
indieszero;indieszero;1;Musashino;Japan;01/01/1997;""
innerloopstudios;Innerloop Studios;0;Oslo;Norway;01/01/1996;"Defunct in 2003"
insomniacgames;Insomniac Games;1;Burbank;United States;01/01/1994;"Acquired by Sony Interactive Entertainment in 2019 as a division of SIE Worldwide Studios"
intelligentsystems;Intelligent Systems;1;Tokyo;Japan;01/01/1986;"Developer closely associated with Nintendo"
interplayentertainment;Interplay Entertainment;1;Beverly Hills;United States;01/01/1983;"Developer/publisher"
introversionsoftware;Introversion Software;1;London;UK;01/01/2002;""
inxileentertainment;inXile Entertainment;1;Newport Beach;United States;01/01/2002;"Founded by one of Interplay Entertainment founders; acquired by Microsoft Studios in 2018"
iointeractive;IO Interactive;1;Copenhagen;Denmark;01/01/1998;"Subsidiary of Square Enix until 2017 when they dropped IO, they then became independent"
ionstorm;Ion Storm;0;Dallas;United States;01/01/1996;"Shut down in 2001; subsidiary of Eidos Interactive"
ionstormaustin;Ion Storm Austin;0;Austin;United States;01/01/1997;"Shut down in 2005; subsidiary of Eidos Interactive"
irem;Irem;1;Hakusan;Japan;01/01/1974;"Subsidiary of Eizo"
irongalaxystudios;Iron Galaxy Studios;1;Chicago;United States;01/01/2008;""
ironloreentertainment;Iron Lore Entertainment;0;Maynard;United States;01/01/2000;"Defunct in 2008"
irrationalgames;Irrational Games;0;Quincy;United States;01/01/1996;"Subsidiary of 2K Games; defunct in 2017. Their main employees moved to Ghost Story Games."
ivorytower;Ivory Tower;1;Lyon;France;01/01/2007;"Subsidiary of Ubisoft;[15] founded by former employees of Eden Games"
jadestonegroup;Jadestone Group;1;Stockholm;Sweden;01/01/2000;"Subsidiary of WMS Industries; Online game developer, mobile game developer"
jagex;Jagex;1;Cambridge;UK;01/01/2001;"Subsidiary of Shanghai Fukong Interactive Entertainment (formerly Zhongji Holding); online game developer"
jaleco;Jaleco;0;Tokyo;Japan;01/01/1974;"Acquired by Game Yarou in 2009 and defunct in 2014"
jamcity;Jam City;1;Los Angeles;United States;01/01/2007;"Subsidiary of Netmarble;[16] mobile game developer"
javaground;Javaground;0;Irvine;United States;01/01/2001;"Mobile game developer"
jupiter;Jupiter;1;Kyoto;Japan;01/01/1996;""
jvgames;JV Games;0;Las Vegas;United States;01/01/1999;""
kairosoft;Kairosoft;1;Tokyo;Japan;01/01/1996;""
kalypsomedia;Kalypso Media;1;Worms;Germany;01/01/2006;"Developer/publisher"
kaosstudios;Kaos Studios;0;New York City;United States;01/01/2006;"Subsidiary of THQ"
keensoftwarehouse;Keen Software House;1;Prague;Czech Republic;01/01/2010;""
kesmai;Kesmai;0;Charlottesville;United States;01/01/1981;"Subsidiary of Electronic Arts; closed in 2001"
kiloogames;Kiloo Games;1;Aarhus;Denmark;01/01/2000;"Mobile game developer"
king;King;1;Stockholm;Sweden;01/01/2003;"Subsidiary of Activision Blizzard; Mobile game developer"
koeitecmogamesformerlykoei;Koei Tecmo Games (formerly Koei);1;Ashikaga;Japan;01/01/1978;"Developer/publisher; subsidiary of Koei Tecmo Holdings"
kogstudios;KOG Studios;1;Seoul;South Korea;01/01/2000;""
kojimaproductions;Kojima Productions;1;Tokyo;Japan;01/01/2005;""
konami;Konami;1;Tokyo MidtownMinato;Japan;01/01/1969;"Developer/publisher"
kongzhong;Kongzhong;1;Beijing;China;01/01/2002;""
kromestudios;Krome Studios;0;Brisbane;Australia;01/01/1999;"Defunct"
kromestudiosmelbourne;Krome Studios Melbourne;0;Melbourne;Australia;01/01/1988;"Defunct"
kujuentertainment;Kuju Entertainment;1;Shalford;UK;01/01/1998;"Subsidiary of Catalis SE"
kunossimulazioni;Kunos Simulazioni;1;Rome;Italy;01/01/2005;"Subsidiary of Digital Bros"
kushgames;Kush Games;0;Camarillo;United States;01/01/1998;""
kumarealitygames;Kuma Reality Games;0;New York City;United States;01/01/2003;""
kylotonn;Kylotonn;1;Paris;France;01/01/2002;"Acquired by Bigben Interactive in 2018[17]"
larianstudios;Larian Studios;1;Oudenaarde;Belgium;01/01/1996;""
legacyinteractive;Legacy Interactive;1;Los Angeles;United States;01/01/1998;""
legendentertainment;Legend Entertainment;0;Chantilly;United States;01/01/1989;"Closed in 2004."
legendoentertainment;Legendo Entertainment;1;Gothenburg;Sweden;01/01/2004;"Developer/publisher"
level5;Level-5;1;Fukuoka;Japan;01/01/1998;"Developer/publisher and founded by Akihiro Hino"
liftlondon;Lift London;0;London;UK;01/01/2012;"Subsidiary by Microsoft Studios in 2018"
limbicentertainment;Limbic Entertainment;1;Langen;Germany;01/01/2002;""
lionheadstudios;Lionhead Studios;0;Guildford;UK;01/01/1997;"Closed by Microsoft Studios in 2016"
liquidentertainment;Liquid Entertainment;0;Pasadena;United States;01/01/1999;"Dissolved in 2018[18]"
littlegreenmengames;Little Green Men Games;1;Zagreb;Croatia;01/01/2006;""
lkavalon;LK Avalon;1; RzeszÃ³w;Poland;01/01/1989;""
llamasoft;Llamasoft;1;Reading;UK;01/01/1982;""
lindenlab;Linden Lab;1;San Francisco;United States;01/01/1999;""
locomotivegames;Locomotive Games;0;Santa Clara;United States;01/01/1997;"Defunct in 2008"
lookingglassstudios;Looking Glass Studios;0;Cambridge;United States;01/01/1990;""
lucasarts;LucasArts;0;San Francisco;United States;01/01/1982;"Publisher and former developer; closed as developer of April 3, 2013 by Disney"
lumaarcade;Luma Arcade;0;Johannesburg;South Africa;01/01/2006;"Division of Luma Animation"
luxoflux;Luxoflux;0;Santa Monica;United States;01/01/1998;""
machinegames;MachineGames;1;Uppsala;Sweden;01/01/2009;"Founded by former employees of Starbreeze Studios; acquired by ZeniMax Media in 2010"
magentasoftware;Magenta Software;0;Liverpool;UK;01/01/1994;""
mages;MAGES.;1; Tokyo;Japan;01/01/2005;"Subsidiary of Dwango until 2019"
majescoentertainment;Majesco Entertainment;0;Edison;United States;01/01/1986;"Defunct December 8, 2016"
marvelous;Marvelous;1; Tokyo;Japan;01/01/1997;"Developer/publisher"
massiveentertainment;Massive Entertainment;1;MalmÃ¶;Sweden;01/01/1997;"Founded in 1997; former subsidiary of Activision and acquired by Ubisoft in 2008"
mastheadstudios;Masthead Studios;1;Sofia;Bulgaria;01/01/2005;""
maxis;Maxis;1;Emeryville;United States;01/01/1987;"Became a subsidiary of Electronic Arts in 1997"
meanhamstersoftware;Mean Hamster Software;0;Deer Park;United States;01/01/1985;""
mediamolecule;Media Molecule;1;Guildford;UK;01/01/2006;"Founded by former employees of Lionhead Studios; division of SIE Worldwide Studios since 2010"
mediavision;Media.Vision;1;Tokyo;Japan;01/01/1993;""
mediatonic;Mediatonic;1;London;UK;01/01/2005;""
megazebra;MegaZebra;1;Munich;Germany;01/01/2009;""
mercurysteam;Mercury Steam;1;Madrid;Spain;01/01/2002;""
metropolissoftware;Metropolis Software;0;Warsaw;Poland;01/01/1992;"Studio was bought by CD Projekt in 2008 and closed in 2009."
microprosesoftware;MicroProse Software;0;Hunt Valley;United States;01/01/1982;""
mto;MTO;1;Yokohama;Japan;01/01/1996;""
microsoftcasualgames;Microsoft Casual Games;1;Redmond;United States;01/01/2013;"Subsidiary by Microsoft Studios"
midwaygames;Midway Games;0;Chicago;United States;01/01/1988;"As of 2012, Midway is a corporation existing under Delaware law subject to a Chapter 11 bankruptcy liquidation plan"
midwaystudiosnewcastle;Midway Studios â€“ Newcastle;0;Gateshead;UK;01/01/1996;"Defunct in 2009"
milestone;Milestone;0; Tokyo;Japan;01/01/2003;""
milestonesrl;Milestone srl;1;Milan;Italy;01/01/1996;"Acquired by Koch Media in 2019"
mimimigames;Mimimi Games;1;Munich;Germany;01/01/2011;""
mistwalker;Mistwalker;1;Tokyo;Japan;01/01/2004;""
mitchellcorporation;Mitchell Corporation;0;Tokyo;Japan;01/01/1960;""
mlbadvancedmedia;MLB Advanced Media;1;New York City;United States;01/01/2000;""
mojangab;Mojang AB;1;Stockholm;Sweden;01/01/2009;"Former Indie developer and publisher; acquired by Microsoft on September 15, 2014"
monolithproductions;Monolith Productions;1;Kirkland;United States;01/01/1994;"Acquired by Warner Bros. Interactive Entertainment in 2004"
monolithsoft;Monolith Soft;1;Tokyo;Japan;01/01/1999;"Founded by Tetsuya Takahashi and former subsidiary of Namco; acquired by Nintendo as a first-party developer and subsidiary in 2007"
monstergames;Monster Games;1;Northfield;United States;01/01/1996;""
mythicentertainment;Mythic Entertainment;0;Fairfax;United States;01/01/1995;"Acquired by Electronic Arts in 2006 and closed in 2014"
nadeo;Nadeo;1;Paris;France;01/01/2000;"Acquired by Ubisoft in 2009"
namcotalesstudio;Namco Tales Studio;0;Tokyo;Japan;01/01/1986;"Originally it was division or subsidiary of Telenet Japan but it became a jointly-owned company of Namco and Telenet Japan"
nanobit;Nanobit;1;Zagreb;Croatia;01/01/2008;""
napsteam;NAPS team;1;Messina;Italy;01/01/1993;"NAPS team is the oldest Italian development studio"
natsume;Natsume;1; Tokyo;Japan;01/01/1987;""
naturalmotion;NaturalMotion;1;London;UK;01/01/2001;"Acquired by Zynga"
naughtydog;Naughty Dog;1;Santa Monica;United States;01/01/1986;"Division of SIE Worldwide Studios since 2001"
ncsoft;NCSoft;1;Seoul;South Korea;01/01/1997;"Online game developer/publisher"
ndcube;NDcube;1;Tokyo;Japan;01/01/2000;"Subsidiary of Nintendo"
ndoorscorporation;NDOORS Corporation;0;Seoul;South Korea;01/01/1999;"Developer/publisher; subsidiary of Nexon; merged into Nexon Red in 2017[19]"
nekoentertainment;Neko Entertainment;0;Montreuil-sous-Bois;France;01/01/1998;"Developer/publisher; defunct in 2017"
neowiz;Neowiz;1;Seoul;South Korea;01/01/1997;""
nervesoftware;Nerve Software;1;Richardson;United States;01/01/1999;""
netdevil;NetDevil;0;Louisville;United States;01/01/1997;""
netdragonwebsoft;NetDragon Websoft;1;Fuzhou;China;01/01/1999;""
netease;NetEase;1;Guangzhou;China;01/01/1997;"Developer, publisher, and online services company"
netherrealmstudios;NetherRealm Studios;1;Chicago;United States;01/01/2010;"Successor to Midway Games; Subsidiary of Warner Bros. Interactive Entertainment"
neverland;Neverland;0;Tokyo;Japan;01/01/1993;""
neversoft;Neversoft;0;Woodland Hills;United States;01/01/1994;"Acquired by Activision in 1999; merged into Infinity Ward in 2014"
nevosoft;Nevosoft;1;St. Petersburg;Russia;01/01/2002;""
newworldcomputing;New World Computing;0;Agoura Hills;United States;01/01/1984;""
nexonnexonkorea;NexonNexon Korea;1;TokyoSeoul;Japan;01/01/2002;"Online video game developer, publisher and distributor; moved its headquarters from Korea to Japan."
nextlevelgames;Next Level Games;1;Vancouver;Canada;01/01/2002;""
ngdstudios;NGD Studios;1;Buenos Aires;Argentina;01/01/2002;""
niantic;Niantic;1;San Francisco;United States;01/01/2010;""
nibris;Nibris;0;KrakÃ³w;Poland;01/01/2000;""
nicalis;Nicalis;1;Santa Ana;United States;01/01/2007;"Indie developer/publisher"
nihonfalcom;Nihon Falcom;1;Tokyo;Japan;01/01/1981;"Developer/publisher"
nikitaonline;Nikita Online;1;St. Petersburg;Russia;01/01/1991;""
ninjabee;Ninjabee;1;Orem;United States;01/01/2005;"Division of Wahoo Studios"
ninjatheory;Ninja Theory;1;Cambridge;UK;01/01/2000;"Former Indie developer and publisher; acquired by Microsoft Studios in 2018"
nintendo;Nintendo;1;Kyoto;Japan;01/01/1889;"First-party developer/publisher/console manufacturer"
nipponichisoftware;Nippon Ichi Software;1;Kakamigahara;Japan;01/01/1991;"Developer/publisher"
nival;Nival;1;St. Petersburg;Russia;01/01/1996;""
nordeus;Nordeus;1;Belgrade;Serbia;01/01/2009;"Developer/publisher"
novalogic;NovaLogic;0;Agoura Hills;United States;01/01/1985;"Their assets were acquired by THQ Nordic"
novarama;Novarama;1;Barcelona;Spain;01/01/2003;""
nowproduction;Now Production;1;Osaka;Japan;01/01/1986;""
nspace;n-Space;0;Orlando;United States;01/01/1994;""
obsidianentertainment;Obsidian Entertainment;1;Irvine;United States;01/01/2004;"Acquired by Microsoft Studios in 2018"
oddworldinhabitants;Oddworld Inhabitants;1;San Luis Obispo;United States;01/01/1994;""
omegaforce;Omega Force;1;Ashikaga;Japan;01/01/1997;"Division of Koei Tecmo Games"
originsystems;Origin Systems;0;Austin;United States;01/01/1983;"Acquired by Electronic Arts in 1992 and closed in 2004"
othersideentertainment;OtherSide Entertainment;1;Boston;United States;01/01/2013;"Founded by one of Looking Glass Studios founders."
outrageentertainment;Outrage Entertainment;0;Ann Arbor;United States;01/01/1996;"Closed in 2004"
overkillsoftware;Overkill Software;1;Stockholm;Sweden;01/01/2009;"Acquired by Starbreeze Studios in 2012"
oxygenstudios;Oxygen Studios;0;Croydon;UK;01/01/2006;""
page44studios;Page 44 Studios;0;San Francisco;United States;01/01/1998;"Subsidiary of Zynga; closed in 2011."
pangeasoftware;Pangea Software;1;Austin;United States;01/01/1987;""
peoplecanfly;People Can Fly;1;Warsaw;Poland;01/01/2002;""
projectsora;Project Sora;0;Tokyo;Japan;01/01/2009;"Subsidiary of Nintendo; became defunct in 2012"
papayastudio;Papaya Studio;0;Irvine;United States;01/01/1999;""
projectsoul;Project Soul;1;Tokyo;Japan;01/01/1996;"Division of Bandai Namco Studios"
panthergamesptyltd;Panther Games Pty Ltd;1;Canberra;Australia;01/01/1985;""
paradoxdevelopmentstudio;Paradox Development Studio;1;Stockholm;Sweden;01/01/1995;"In-house development studio and subsidiary of Paradox Interactive"
parallaxsoftware;Parallax Software;0;Ann Arbor;United States;01/01/1993;"Split into Volition and Outrage Entertainment"
pandemicstudios;Pandemic Studios;0;Los Angeles;United States;01/01/1998;"Acquired by Electronic Arts in 2007 and closed in 2009."
pendulostudios;Pendulo Studios;1;Madrid;Spain;01/01/1993;""
penguinsoftware;Penguin Software;0;Geneva;United States;01/01/1978;""
perfectworld;Perfect World;1;Beijing;China;01/01/2004;"Developer/publisher"
petroglyph;Petroglyph;1;Las Vegas;United States;01/01/2003;""
phantagram;Phantagram;1;Seoul;South Korea;01/01/1994;"Acquired by Blueside in 2010[20]"
phenomicgamedevelopment;Phenomic Game Development;0;Ingelheim am Rhein;Germany;01/01/1997;"Acquired by Electronic Arts in 2006; shut down in 2013"
pipeworksstudios;Pipeworks Studios;1;Eugene;United States;01/01/1999;"Subsidiary of Northern Pacific Group"
piranhabytes;Piranha Bytes;1;Essen;Germany;01/01/1997;"Acquired by THQ Nordic in 2019"
piranhagames;Piranha Games;1;Vancouver;Canada;01/01/2000;""
pistudios;Pi Studios;0;Houston;United States;01/01/2002;""
pivotalgames;Pivotal Games;0;Bath;UK;01/01/2000;""
pixelfederation;Pixel Federation;1;Bratislava;Slovakia;01/01/2007;"Developer/Publisher"
playdom;Playdom;0;San Francisco;United States;01/01/2009;"Facebook, Myspace game developer Subsidiary of The Walt Disney Company; closed in 2016"
playfish;Playfish;0;London;UK;01/01/2007;"Facebook, Myspace game developer Acquired by Electronic Arts; closed in 2013"
playfirst;PlayFirst;0;San Francisco;United States;01/01/2004;"Acquired by Glu Mobile in 2014; Casual game developer, publisher and portal"
playgroundgames;Playground Games;1;Royal Leamington Spa;UK;01/01/2009;"Acquired by Microsoft Studios in 2018"
platinumgames;PlatinumGames;1;Osaka;Japan;01/01/2006;"Successor to Clover Studio, and founded by Shinji Mikami,Â Atsushi Inaba, andÂ Hideki Kamiya."
polyphonydigital;Polyphony Digital;1;Tokyo;Japan;01/01/1998;"Division of SIE Worldwide Studios"
popcapgames;PopCap Games;1;Seattle;United States;01/01/2000;"Casual game developer, publisher and portal; subsidiary of Electronic Arts since 2011"
pressplay;Press Play;0;Copenhagen;Denmark;01/01/2006;"Former subsidiary of Microsoft Studios; defunct in March 2016"
psyonix;Psyonix;1;San Diego;United States;01/01/2001;"Acquired by Epic Games in 2019"
punchentertainment;Punch Entertainment;1;Hanoi;Vietnam;01/01/2005;"Subsidiary of Evolable AsiaÂ [ja]; Casual games, social games developer"
pyromobile;Pyro Mobile;1;Madrid;Spain;01/01/1996;"Subsidiary of Zed Group; their assets were acquired by Kalypso Media[21]"
qentertainment;Q Entertainment;0;Tokyo;Japan;01/01/2003;"Acquired by Sanyo Kasei Seisakusho in 2013 and the parent company was defunct in 2018."
qgames;Q-Games;1;NakagyÅ-ku;Japan;01/01/2001;""
quanticdream;Quantic Dream;1;Paris;France;01/01/1997;""
questcorporation;Quest Corporation;0;Tokyo;Japan;01/01/1988;"The game development division was acquired by Square in 2002"
radicalentertainment;Radical Entertainment;0;Vancouver;Canada;01/01/1991;"Shut down by Activision and dissolved in 2013[22]"
ragegames;Rage Games;0;Liverpool;UK;01/01/1992;"Defunct in 2003"
rainbowstudios;Rainbow Studios;0;Phoenix;United States;01/01/1996;"Acquired by THQ, later closed by THQ"
rare;Rare;1;Twycross;UK;01/01/1985;"Successor to Ultimate Play the Game; second-party developer for Nintendo; turned; Acquired by Microsoft Studios in 2002 as a first-party developer"
ravensoftware;Raven Software;1;Middleton;United States;01/01/1990;"Acquired by Activision in 1997"
readyatdawn;Ready at Dawn;1;Irvine;United States;01/01/2003;"Formed by former members of Naughty Dog and Blizzard Entertainment"
redentertainment;Red Entertainment;1;Tokyo;Japan;01/01/1976;"Developer/publisher; acquired by Oizumi CorporationÂ [ja] in 2014"
realitypumpstudios;Reality Pump Studios;1;KrakÃ³w;Poland;01/01/1995;"Division of TopWare Interactive"
realtimeassociates;Realtime Associates;1;Los Angeles;United States;01/01/1986;""
realtimeworlds;Realtime Worlds;0;Dundee;UK;01/01/2002;"Closed in 2010"
rebelliondevelopments;Rebellion Developments;1;Oxford;UK;01/01/1992;""
rebellionwarwick;Rebellion Warwick;1;Leamington Spa;UK;01/01/2013;"Formed by former employees of Blitz Games Studios; acquired by Rebellion Developments in 2018"
redlynx;RedLynx;1;Helsinki;Finland;01/01/2000;"Subsidiary of Ubisoft"
redthreadgames;Red Thread Games;1;Oslo;Norway;01/01/2012;"Founded by former employees of Funcom"
redstormentertainment;Red Storm Entertainment;1;Cary;United States;01/01/1996;"Acquired by Ubisoft in 2000"
redtribetribalant;RedTribe (Tribalant);0;Melbourne;Australia;01/01/2003;""
reflexiveentertainment;Reflexive Entertainment;0;Lake Forest;United States;01/01/1997;"Subsidiary of Amazon.com"
relicentertainment;Relic Entertainment;1;Vancouver;Canada;01/01/1997;"Acquired by Sega in 2013"
remedyentertainment;Remedy Entertainment;1;Espoo;Finland;01/01/1995;""
respawnentertainment;Respawn Entertainment;1; Los Angeles;United States;01/01/2010;"Acquired by Electronic Arts in 2017."
retomoto;Reto-Moto;1;Copenhagen;Denmark;01/01/2008;""
retrostudios;Retro Studios;1;Austin;United States;01/01/1998;"First-party developer and subsidiary of Nintendo"
revolutionsoftware;Revolution Software;1;York;UK;01/01/1990;""
riotgames;Riot Games;1;Santa Monica;United States;01/01/2006;"Acquired by Tencent in 2011"
risingstargames;Rising Star Games;1;Luton;UK;01/01/2004;"Acquired by Thunderful in 2018"
robotentertainment;Robot Entertainment;1;Plano;United States;01/01/2009;""
rockstar;Rockstar;1;New York City;United States;01/01/1998;"Developer/publisher; owned by Take-Two Interactive"
rocksteadystudios;Rocksteady Studios;1;London;UK;01/01/2005;"Subsidiary of Warner Bros. Interactive Entertainment"
robinsontechnologies;Robinson Technologies;1;Hiroshima;Japan;;""
rovioentertainment;Rovio Entertainment;1;Espoo;Finland;01/01/2003;"Publisher, developer and distributor"
ruffiangames;Ruffian Games;1;Dundee;UK;01/01/2008;""
runicgames;Runic Games;0;Seattle;United States;01/01/2008;"Subsidiary of Perfect World; closed in 2017"
runningwithscissors;Running with Scissors;1;Tucson;United States;01/01/1997;""
saberinteractive;Saber Interactive;1;Millburn;United States;01/01/2001;"Acquired by Embracer Group in 2020.[23]"
sandgrainstudios;Sand Grain Studios;0;Bucharest;Romania;01/01/2002;"Dissolved in 2009[24]"
sandlot;Sandlot;1;Tokyo;Japan;01/01/2001;"Formed by former employees of Human Entertainment"
sanzarugames;Sanzaru Games;1;Foster City;United States;01/01/2006;"Acquired by Facebook in 2020.[25]"
sirtech;Sir-Tech;0;Ogdensburg;USCanada;01/01/1979;""
schellgames;Schell Games;1;Pittsburgh;United States;01/01/2002;"Developer and publisher"
scssoftware;SCS Software;1;Prague;Czech Republic;01/01/1997;""
sega;Sega;1;San Francisco;Japan;01/01/1960;"Third-party (Formerly first-party) developer, publisher, and former console manufacturer; subsidiary of Sega Sammy Holdings"
segainteractiverddivision1segaam1;SEGA Interactive R&D Division 1 (Sega AM1);1;Tokyo;Japan;01/01/1984;"Division of SEGA Interactive"
segainteractiverddivision2segaam2;SEGA Interactive R&D Division 2 (Sega AM2);1;Ota;Japan;01/01/1985;"Division of SEGA Interactive, founded by Yu Suzuki"
segaam3;Sega AM3;0;Tokyo;Japan;01/01/1991;"Division of Sega"
segacsresearchanddevelopmentno2sonicteam;Sega CS Research and Development No. 2 (Sonic Team);1;Tokyo;Japan;01/01/1996;"Division of SEGA Games"
segasportsrd;Sega Sports R&D;0;Tokyo;Japan;01/01/1994;"Division of Sega"
sensiblesoftware;Sensible Software;0;Cambridge;UK;01/01/1986;"Developer, studio closed and company acquired by Codemasters in 1999"
shift;Shift;1;Kanagawa;Japan;01/01/1996;""
siebendstudio;SIE Bend Studio;1;Bend;United States;01/01/1993;"Founded by Blank, Berlyn and Co. and Eidetic, acquired by Sony Interactive Entertainment as a part of SIE Worldwide Studios in 2000."
siesanmateostudioformerlysiefostercitystudio;SIE San Mateo Studio (formerly SIE Foster City Studio);1;San Mateo;United States;01/01/1998;"Division of SIE Worldwide Studios; relocated from Foster City to San Mateo"
siejapanstudio;SIE Japan Studio;1;Tokyo;Japan;01/01/1993;"Division of SIE Worldwide Studios"
sielondonstudio;SIE London Studio;1;London;UK;01/01/2002;"Division of SIE Worldwide Studios"
siesandiegostudio;SIE San Diego Studio;1;San Diego;United States;01/01/2001;"Division of SIE Worldwide Studios"
siesantamonicastudio;SIE Santa Monica Studio;1;Los Angeles;United States;01/01/1999;"Division of SIE Worldwide Studios"
scestudioliverpool;SCE Studio Liverpool;0;Liverpool;UK;01/01/1984;"Former Division of SIE Worldwide Studios; shut down by Sony on August 22, 2012"
sieworldwidestudios;SIE Worldwide Studios;1; Cambridge;Japan;01/01/2005;"A group of first-party development studios and subsidiaries owned by Sony Interactive Entertainment"
singletrac;SingleTrac;0;Salt Lake City;United States;01/01/1994;"Defunct in 2000"
shengqugames;Shengqu Games;1;Shanghai;China;01/01/1999;"Acquired by Zhejiang Century Huatong in 2017"
sherman3d;Sherman3D;1;Petaling Jaya;Malaysia;01/01/2003;""
shinenmultimedia;Shin'en Multimedia;1;Munich;Germany;01/01/1999;""
sierraentertainment;Sierra Entertainment;0;Oakhurst;United States;01/01/1979;"Subsidiary of Activision; internal development ceased in 1999; closed in 2004"
siliconknights;Silicon Knights;0;St. Catharines;Canada;01/01/1992;"Closed in 2014"
siliconstudio;Silicon Studio;0;Tokyo;Japan;01/01/2000;"They still develop game middlewares but their game contents division was sold to CREEK & RIVER.[26]"
simtex;Simtex;0;Austin;United States;01/01/1988;"Closed in 1997"
slantsixgames;Slant Six Games;0;Vancouver;Canada;01/01/2005;"Defunct in 2013"
sledgehammergames;Sledgehammer Games;1;Foster City;United States;01/01/2009;"Subsidiary of Activision"
snail;Snail;1;Suzhou;China;01/01/2000;""
slightlymadstudios;Slightly Mad Studios;1;London;UK;01/01/2008;"Acquired by Codemasters in 2019[27]"
slipgateironworks;Slipgate Ironworks;1;Aars;Denmark;01/01/2017;"Formed by former employees of Interceptor Entertainment"
slitherinesoftware;Slitherine Software;1;Epsom;UK;01/01/2000;""
smilegate;Smilegate;1;Seoul;South Korea;01/01/2002;""
snk;SNK;1;Osaka;Japan;01/01/2001;"Acquired by 37Games in 2015; game hardware and software developer/publisher/manufacture"
sobeestudios;Sobee Studios;1;Istanbul;Turkey;01/01/2000;"Merged into TTNET"
snowblindstudios;Snowblind Studios;0;Seattle;United States;01/01/1997;"Subsidiary of Warner Bros. Interactive Entertainment; defunct in 2012"
software2000;Software 2000;0;Eutin;Germany;01/01/1987;"Closed in 2002"
sonyinteractiveentertainment;Sony Interactive Entertainment;1;San Mateo;United States;01/01/1994;"First-party developer, publisher and console manufacturer"
soraltd;Sora Ltd.;1;Tokyo;Japan;01/01/2005;""
spellboundentertainment;Spellbound Entertainment;0;Offenburg;Germany;01/01/1994;"Closed in 2012"
spiders;Spiders;1;Paris;France;01/01/2008;"Acquired by Bigben Interactive in 2019[28]"
spike;Spike;0;Tokyo;Japan;01/01/1991;"Merged with Chunsoft to become Spike Chunsoft in 2012"
spikechunsoft;Spike Chunsoft;1;Tokyo;Japan;01/01/2012;"The result of a merger between Spike and Chunsoft and is owned by Dwango"
spilgames;Spil Games;1;Hilversum;The Netherlands;01/01/2001;"Web game developer/publisher. The mobile game division was acquired by Azerion.[29]"
splashdamage;Splash Damage;1;London;UK;01/01/2001;"Subsidiary of Leyou"
sproinginteractivemedia;Sproing Interactive Media;0;Vienna;Austria;01/01/2001;"Defunct in 2017; their assets were acquired by Purple Lamp"
squareenix;Square Enix;1; Tokyo;Japan;01/01/1975;"Developer/publisher; previously known as Square Co. and Enix"
squad;Squad;1;Mexico City;Mexico;01/01/2009;""
stainlessgames;Stainless Games;1;Newport;UK;01/01/1993;""
stainlesssteelstudios;Stainless Steel Studios;0;Cambridge;United States;01/01/1998;"Closed in 2005"
starbreezestudios;Starbreeze Studios;1;Uppsala;Sweden;01/01/1998;""
stardock;Stardock;1;Plymouth;United States;01/01/1991;"Developer/publisher"
stingentertainment;Sting Entertainment;1;Tokyo;Japan;01/01/1989;""
strategicsimulations;Strategic Simulations;0;Sunnyvale;United States;01/01/1979;"Closed in 1994"
stoicstudio;Stoic Studio;1;Austin;United States;01/01/2011;"Founded by former employees of BioWare"
strawdogstudios;Strawdog Studios;1;Derby;UK;01/01/2003;""
straylightstudios;Straylight Studios;0;Dunedin;New Zealand;01/01/2004;"Closed in 2009"
streamlinestudios;Streamline Studios;1;Kuala Lumpur;Malaysia;01/01/2001;""
success;Success;1;Tokyo;Japan;01/01/1978;""
suckerpunchproductions;Sucker Punch Productions;1;Bellevue;United States;01/01/1997;"Division of SIE Worldwide Studios since 2011"
sumodigital;Sumo Digital;1;Sheffield;UK;01/01/2003;""
supercell;Supercell;1;Helsinki;Finland;01/01/2010;"Subsidiary of Tencent"
supermassivegames;Supermassive Games;1;Guildford;UK;01/01/2008;""
supervillainstudios;SuperVillain Studios;1;Orange County;United States;01/01/2004;"acquired by Nicalis in 2017"
survios;Survios;1;Los Angeles;United States;01/01/2013;""
studiowildcard;Studio Wildcard;1;Kirkland;United States;01/01/2014;""
swinginapestudios;Swingin' Ape Studios;0;Aliso Viejo;United States;01/01/2000;"Acquired by Blizzard Entertainment"
stormregion;StormRegion;0;Budapest;Hungary;01/01/2001;"Acquired by 10tacle Studios AG in 2007 and then defunct in 2008"
sunstorminteractive;Sunstorm Interactive;0;Indianapolis;United States;01/01/1995;"Defunct in 2003"
synsophia;Syn Sophia;1;Tokyo;Japan;01/01/1995;""
systemsoftbeta;SystemSoft Beta;1;Tokyo;Japan;01/01/1999;"Subsidiary of Nippon Ichi Software, successor of SystemSoft Alpha[30]"
taito;Taito;1; Tokyo;Japan;01/01/1953;"Developer/publisher; acquired by Square Enix"
tangogameworks;Tango Gameworks;1; Tokyo;Japan;01/01/2010;"Acquired by ZeniMax Media in 2010"
taggames;Tag Games;1;Dundee;UK;01/01/2006;""
taleworldsentertainment;TaleWorlds Entertainment;1;Ankara;Turkey;01/01/2005;""
tamsoft;Tamsoft;1;Asakusa;Japan;01/01/1992;""
tesoft;T&E Soft;0;Aichi;Japan;01/01/1982;"Merged into Spike Chunsoft in 2013"
tantrumedia;Tantrumedia;1;Wirral;UK;01/01/2003;""
tantalusmedia;Tantalus Media;1;Melbourne;Australia;01/01/1994;""
tarsierstudios;Tarsier Studios;1;MalmÃ¶;Sweden;01/01/2004;"Acquired by Embracer Group in 2019.[31]"
tatemultimedia;Tate Multimedia;1;Warsaw;Poland;01/01/2002;""
team17;Team17;1;Ossett;UK;01/01/1990;""
teambondi;Team Bondi;0;Sydney;Australia;01/01/2003;"Closed in 2011"
teamico;Team Ico;0;Tokyo;Japan;01/01/1997;"Division of SIE Japan Studio; Their staffs moved to genDESIGN"
teamninja;Team Ninja;1;Tokyo;Japan;01/01/1995;"Division of Koei Tecmo Games; formerly a division of Tecmo"
techland;Techland;1;OstrÃ³w Wielkopolski;Poland;01/01/1991;"Developer/publisher"
tecmo;Tecmo;0;Tokyo;Japan;01/01/1967;"Tecmo and Koei co-founded Koei Tecmo Holdings in 2009 and Tecmo was merged into Koei Tecmo Games in 2010"
telltalegames;Telltale Games;0;San Rafael;United States;01/01/2004;"Founded by former employees of LucasArts"
tencent;Tencent;1;Shenzhen;China;01/01/1998;"Developer, publisher, online services company"
tencentgames;Tencent Games;1;Shenzhen;China;01/01/2003;"Division of Tencent Interactive Entertainment"
tequilaworks;Tequila Works;1;Madrid;Spain;01/01/2009;""
terminalreality;Terminal Reality;0;Lewisville;United States;01/01/1994;"Closed in 2013"
tetrisonline;Tetris Online;0;Honolulu;United States;01/01/2006;"Closed in 2019"
teyon;Teyon;1;KrakÃ³w;Poland;01/01/2006;""
thechineseroom;The Chinese Room;1;Brighton;UK;01/01/2007;"Subsidiary of Sumo Digital"
thecoalition;The Coalition;1;Vancouver;Canada;01/01/2010;"Subsidiary of Microsoft Studios"
thefarm51;The Farm 51;1;Gliwice;Poland;01/01/2005;""
theinitiative;The Initiative;1;Santa Monica;United States;01/01/2018;"Subsidiary of Microsoft Studios"
thq;THQ;0;Agoura Hills;United States;01/01/1989;"Developer/publisher; defunct in 2013; their assets were acquired by Nordic Games, 505 Games, or Gearbox Software[32]"
thqnordic;THQ Nordic;1;ViennaKarlstad;AustriaSweden;01/01/2011;"Developer/publisher"
threefieldsentertainment;Three Fields Entertainment;1;Petersfield;UK;01/01/2014;"Founded by the founders of Criterion Games"
threeringsdesign;Three Rings Design;0;San Francisco;United States;01/01/2001;""
timegatestudios;TimeGate Studios;0;Sugar Land;United States;01/01/1998;""
timistudios;TiMi Studios;1;Shenzhen;China;01/01/2008;"Subsidiary of Tencent Games"
toaplan;Toaplan;0;Tokyo;Japan;01/01/1984;"Developer of arcade games; went bankrupt and closed in 1994"
toejamearlproductions;ToeJam & Earl Productions;0;San Francisco;United States;01/01/1989;"Founded by Mark Voorsanger and Greg Johnson; became defunct in 2003"
topwareinteractive;TopWare Interactive;1;Karlsruhe;Germany;01/01/1995;"Publisher (developing in Reality Pump Studios division)"
torpexgames;Torpex Games;0;Bellevue;United States;01/01/2005;""
torusgames;Torus Games;1;Bayswater;Australia;01/01/1994;""
tose;Tose;1;Kyoto;Japan;01/01/1979;""
toysforbob;Toys for Bob;1;Novato;United States;01/01/1989;"Subsidiary of Activision"
trapdoor;Trapdoor;0;Montreal;Canada;01/01/2010;""
transmissiongames;Transmission Games;0;Melbourne;Australia;01/01/1996;"Closed in 2009"
travellerstales;Traveller's Tales;1;Knutsford;UK;01/01/1990;"Subsidiary of TT Games"
treyarch;Treyarch;1;Santa Monica;United States;01/01/1996;"Acquired by Activision in 2001."
treasure;Treasure;1;Tokyo;Japan;01/01/1992;""
triace;tri-Ace;1;Tokyo;Japan;01/01/1995;"Acquired by Nepro Japan (currently NJ HoldingsÂ [ja]) in 2015"
tricrescendo;tri-Crescendo;1;Tokyo;Japan;01/01/1999;""
trionworlds;Trion Worlds;0;Redwood City;United States;01/01/2006;"Defunct in 2018; their assets were acquired by GamigoÂ [de][33]"
tripwireinteractive;Tripwire Interactive;1;Roswell;United States;01/01/2005;""
triumphstudios;Triumph Studios;1;Delft;The Netherlands;01/01/1997;"Acquired by Paradox Interactive"
turn10studios;Turn 10 Studios;1;Redmond;United States;01/01/2001;"Subsidiary of Microsoft Studios"
turtlerockstudios;Turtle Rock Studios;1;Lake Forest;United States;01/01/2002;""
twopointstudios;Two Point Studios;1;Surrey;UK;01/01/2016;"Formed by former employees of Lionhead Studios; acquired by Sega in 2019"
twotribes;Two Tribes;1;Amersfoort;The Netherlands;01/01/2000;""
typhoongameshk;Typhoon Games (HK);1;Hong Kong SAR;China;01/01/2001;"Subsidiary of Typhoon Entertainment (Asia)"
ubisoft;Ubisoft;1;Montreuil-sous-Bois;France;01/01/1986;"Developer/publisher"
ubisoftbluebyte;Ubisoft Blue Byte;1;DÃ¼sseldorf;Germany;01/01/1988;"Acquired by Ubisoft"
ubisoftreflections;Ubisoft Reflections;1;Newcastle upon Tyne;UK;01/01/1984;"Acquired by Ubisoft"
uepsystems;UEP Systems;0;Tokyo;Japan;01/01/1985;"Defunct in 2001"
ultimateplaythegame;Ultimate Play the Game;0;Ashby-de-la-Zouch;UK;01/01/1982;"Predecessor to Rare; Defunct in 1988"
undeadlabs;Undead Labs;1;Seattle;United States;01/01/2009;"Acquired by Microsoft Studios in 2018"
unitedfrontgames;United Front Games;0;Vancouver;Canada;01/01/2006;"Defunct in 2016"
unitedgameartists;United Game Artists;0;Tokyo;Japan;01/01/1996;"Subsidiary of Sega"
universomo;Universomo;0;Tampere;Finland;01/01/2002;"Defunct in 2010"
valve;Valve;1;Kirkland;United States;01/01/1996;"Developer, publisher and distributor"
vanillaware;Vanillaware;1; Osaka;Japan;01/01/2002;""
venanentertainment;Venan Entertainment;0;Cromwell;United States;01/01/2002;"Their assets were acquired by Megaspace Industries."
vicariousvisions;Vicarious Visions;1;Albany (Menands);United States;01/01/1990;"Acquired by Activision in 2004."
vigilgames;Vigil Games;0;Austin;United States;01/01/2005;"Subsidiary of THQ; defunct in 2013"
virtualheroes;Virtual Heroes;1;Raleigh;United States;01/01/2004;""
virtuos;Virtuos;1;;Singapore;01/01/2004;""
visceralgames;Visceral Games;0;Redwood City;United States;01/01/1998;"Formerly known as EA Redwood Shores, former in-house development studio and subsidiary of Electronic Arts, closed in 2017."
visualconcepts;Visual Concepts;1;Novato;United States;01/01/1988;"Subsidiary of 2K Sports"
vostokgames;Vostok Games;1;Kiev;Ukraine;01/01/2012;"Vostok Games was founded in March 2012 by former employees of GSC Game World, following that firm's closing"
voxelstorm;VoxelStorm;1;Manchester;UK;01/01/2012;""
wahoostudios;Wahoo Studios;1;Orem;United States;01/01/2001;""
warhorsestudios;Warhorse Studios;1;Prague;Czech Republic;01/01/2011;"Acquired by Koch Media in 2019"
wargaming;Wargaming;1;NicosiaMinsk;Cyprus;01/01/1998;"Developer/publisher"
wargamingsaintpetersburg;Wargaming Saint Petersburg;1;Saint Petersburg;Russia;01/01/1991;"Subsidiary of Wargaming"
wargamingseattle;Wargaming Seattle;0; Washington;United States;01/01/1998;"Subsidiary of Wargaming"
warnerbrosinteractiveentertainment;Warner Bros. Interactive Entertainment;1;Chicago;United States;01/01/1988;"Division of Warner Bros. Entertainment which is a subsidiary of WarnerMedia"
wbgamesbostonformerlyturbine;WB Games Boston (formerly Turbine);1;Needham;United States;01/01/1994;"Subsidiary of Warner Bros. Interactive Entertainment"
wbgamesavalancheformerlyavalanchesoftware;WB Games | Avalanche (formerly Avalanche Software);1;Salt Lake City;United States;01/01/1995;"Subsidiary of Disney Interactive Studios; defunct in 2016Relaunched by Warner Bros. in 2017."
webfoottechnologies;Webfoot Technologies;1;Chicago;United States;01/01/1993;"Creators of many Dragon Ball Z games for Atari; specializes in Nintendo platforms"
wemade;WeMade;1;Seoul;South Korea;01/01/2000;""
westonebitentertainment;Westone Bit Entertainment;0;Tokyo;Japan;01/01/1986;"Bankrupt and became defunct in 2014"
westwoodstudios;Westwood Studios;0;Las Vegas;United States;01/01/1985;"Acquired by Electronic Arts in 1998 and closed in 2003."
wideloadgames;Wideload Games;0;Chicago;United States;01/01/2003;"Subsidiary of Disney Interactive Studios; closed in 2014"
wildfirestudios;Wildfire Studios;1;Brisbane;Australia;01/01/1995;""
wizetstudionexondevelopment1stdivision;Wizet studio (Nexon development 1st division);1;Seoul;South Korea;01/01/1999;"Acquired by Nexon and became to its division"
wolfiregames;Wolfire Games;1;Berkeley;United States;01/01/2003;""
worldforge;World Forge;0;Voronezh;Russia;01/01/2004;"Founded by Burut Creative Team employees."
xboxgamestudios;Xbox Game Studios;1;Redmond;United States;01/01/2002;"First-party developer, publisher, and console manufacturer; established as Microsoft Game Studios"
xpecentertainment;XPEC Entertainment;1;Taipei;Taiwan;01/01/2000;"Developer/publisher"
yagerdevelopment;Yager Development;1;Berlin;Germany;01/01/1999;""
yukes;Yuke's;1;Osaka;Japan;01/01/1993;""
zenimaxonlinestudios;ZeniMax Online Studios;1;Hunt Valley;United States;01/01/2007;"Subsidiary of ZeniMax Media Inc"
zipperinteractive;Zipper Interactive;0;Redmond;United States;01/01/1995;"Shut down in 2012 by Sony Computer Entertainment"
zombiestudios;Zombie Studios;0;Seattle;United States;01/01/1994;""
zootfly;ZootFly;0;Ljubljana;Slovenia;01/01/2002;"Acquired by Elektroncek"
zynga;Zynga;1;San Francisco;United States;01/01/2007;"Social network game developer."
