ID_PUBLISHER;PUBLISHER;HEADQUARTERS_COUNTRY;HEADQUARTERS_CITY;CREATION_DATE;NOTES
07thexpansion;07th Expansion;Japan;;01/01/2002;""
11bitstudios;11 bit studios;Poland;Warsaw;01/01/2010;"Also a video game developer, marketer, and distributor"
1ccompany;1C Company;Russia;Moscow;01/01/1991;"Specializes in localization for Russia."
2kgames;2K Games;United States;Novato;01/01/2005;"Also a video game developer, marketer, and distributor. Subsidiary and publishing label of Take-Two Interactive."
3drealms;3D Realms;United States;Garland;01/01/1987;"Also a video game developer. Also known as Apogee Software, Ltd."
the3docompany;The 3DO Company;United States;Redwood City;01/01/1991;"Also a video game and video game console developer."
505games;505 Games;Italy;Milan;01/01/2006;"Publishing division of Digital Bros. group."
5pb;5pb.;Japan;Tokyo;01/01/2005;"Label of KID until 2006, and of Cyberfront since then."
7thlevel;7th Level;United States;Dallas;01/01/1993;"Defunct in 1998."
afsoftware;A&F Software;UK;Rochdale;01/01/1981;"Merged with MC Lothlorien in 1986 to become Icon Design Ltd."
aackosoft;Aackosoft;Netherlands;Zoeterwoude;01/01/1983;"Defunct in 1988."
aardvarksoftware;Aardvark Software;UK;;01/01/1983;"Defunct in 1989."
abcsoftware;ABC Software;Switzerland;Buchs;01/01/1991;"Acquired by Electronic Arts in 1998."
absoluteentertainment;Absolute Entertainment;United States;Upper Saddle River;01/01/1986;"Defunct in 1995."
accesssoftware;Access Software;United States;Salt Lake City;01/01/1982;"Acquired by Microsoft in 1999; defunct in 2006."
acclaimentertainment;Acclaim Entertainment;United States;Glen Cove;01/01/1987;"Brand name acquired by Acclaim Games, and intellectual property acquired by Throwback Entertainment."
accolade;Accolade;United States;California;01/01/1984;"Also a video game developer. Acquired by Atari, SA née Infogrames in 1999, name retired."
acornsoft;Acornsoft;UK;Cambridge;01/01/1980;"Rights sold to Superior Software in 1986."
acquire;Acquire;Japan;Tokyo;01/01/1994;"Acquired by GungHo Online Entertainment in 2011"
activegamingmediaagm;Active Gaming Media AGM;Japan;Osaka;01/01/2006;"PLAYISM part of Active Gaming Media Inc., focuses on the localization and distribution of video games."
activision;Activision;United States;Santa Monica;01/01/1979;"Also a video game developer. Acquired Neversoft in 1999 and Infinity Ward in 2003; acquired several other developers as well. Merged with Vivendi to form Activision Blizzard in 2008."
activisionblizzard;Activision Blizzard;United States;Santa Monica;01/01/2008;"Formed by merger between Activision and Vivendi Games in 2008."
addictivegames;Addictive Games;UK;Milton Keynes;01/01/1982;"Acquired by Prism Leisure Corporation in 1987, which continued to use the Addictive Games label until 1992."
theadventurecompany;The Adventure Company;Canada;Toronto;01/01/2002;"Label of DreamCatcher Interactive until 2006, of JoWooD Productions Software from then until 2011, and of Nordic Games since then."
adventureinternational;Adventure International;United States;Longwood;01/01/1978;"Defunct in 1985."
adventuresoft;Adventure Soft;UK;Birmingham;01/01/1983;"Still sells old games but no longer publishes new games under the name."
affect;Affect;Japan;;01/01/1990;"Defunct in 2008."
agatsumaentertainment;Agatsuma Entertainment;Japan;Tokyo;01/01/1997;"Defunct in 2016."
age;Age;Japan;Tokyo;01/01/1999;"Division of Acid Co., Ltd."
ageod;AGEod;France;Grenoble;01/01/2005;"Acquired by Paradox Interactive in 2009 and renamed to Paradox France. They became independent in 2012 and their games are now published by The Slitherine Group."
agetec;Agetec;United States;Sunnyvale;01/01/1998;"Focuses on distributing Japanese titles in the US."
akabeisoft2;Akabeisoft2;Japan;;01/01/2005;""
akella;Akella;Russia;Moscow;01/01/1995;"Also a video game developer. Defunct in 2012."
akuparagames;Akupara Games;United States;Los Angeles;01/01/2016;"Also a video game developer, and does work for hire console and mobile porting."
aksys;Aksys;United States;Torrance;01/01/2006;""
alcot;ALcot;Japan;;01/01/2003;""
alicesoft;AliceSoft;Japan;;01/01/1989;""
alphadream;AlphaDream;Japan;Tokyo;01/01/2000;"No longer publishes video games."
adk;ADK;Japan;Ageo;01/01/1980;"Known as Alpha Denshi Corporation in 1993. Defunct in 2003."
alchemist;Alchemist;Japan;Tokyo;01/01/1991;"Defunct in 2016."
alligata;Alligata;UK;Sheffield;01/01/1983;"Acquired by Superior Software in 1987."
allumer;Allumer;Japan;Tokyo;01/01/1983;"Defunct in 1999."
alten8;Alten8;UK;Luton;01/01/2005;"Also a video game developer."
alternativesoftware;Alternative Software;UK;Castleford;01/01/1985;""
americangamecartridges;American Game Cartridges;United States;Chandler;01/01/1990;"Defunct in 1994."
americanlasergames;American Laser Games;United States;Albuquerque;01/01/1989;"Acquired by its former division, Her Interactive, in 1999."
americanvideoentertainment;American Video Entertainment;United States;San Jose;01/01/1990;"Published last game in 1994."
amplitudestudios;Amplitude Studios;France;Paris;01/01/2011;"Acquired by Sega in 2016 and their games are now published by Sega."
amsoft;Amsoft;UK;Brentwood;01/01/1984;"Publishing arm of Amstrad until 1989."
analogsoftware;ANALOG Software;United States;Worcester;01/01/1981;"Software publishing arm of ANALOG Computing. Defunct in 1989."
andamiro;Andamiro;South Korea;Seoul;01/01/1992;"Known as Oksan Entertainment Co. Ltd. until 1999."
anticsoftware;Antic Software;United States;Marion;01/01/1982;"Software publishing arm of Antic. Defunct in 1990."
anuman;Anuman;France;;01/01/2000;"Also a video game developer."
apfelectronicsinc;APF Electronics Inc.;United States;New York City;01/01/1970;"Defunct in 1983."
apogeesoftware;Apogee Software;United States;;01/01/2008;"Also a video game developer."
appleinc;Apple Inc.;United States;Cupertino;01/01/1976;"Known as Apple Computer until 2007."
aquaplus;Aquaplus;Japan;Osaka;01/01/1994;""
aqinteractive;AQ Interactive;Japan;Tokyo;01/01/2005;"Defunct in 2011."
arcadiasystems;Arcadia Systems;United States;Costa Mesa;01/01/1987;"Division of Mastertronic. Defunct in 1991."
arcsystemworks;Arc System Works;Japan;Tokyo;01/01/1988;"Also a video game developer."
arguspress;Argus Press;UK;;01/01/1966;"Published games through its Argus Press Software division, which was acquired in 1987 and renamed Grandslam Entertainment."
arika;Arika;Japan;Tokyo;01/01/1995;"Also a video game developer."
ariolasoft;Ariolasoft;Germany;;01/01/1983;"Software publishing arm of Ariola Records. Reestablished as United Software in 1990."
armorgames;Armor Games;United States;;01/01/2005;"Published flash titles before branching out into mobile, PC, and console markets."
arsyssoftware;Arsys Software;Japan;Tokyo;01/01/1985;"Defunct in 2001."
artdink;Artdink;Japan;Tokyo;01/01/1986;""
articcomputing;Artic Computing;UK;Brandesburton;01/01/1980;"Defunct in 1986."
arushentertainment;Arush Entertainment;United States;Scottsdale;01/01/1999;"Acquired by HIP Interactive in 2004; defunct in 2005."
arxeltribe;Arxel Tribe;Slovenia;;01/01/1989;"Last game published in 2003."
ascaron;Ascaron;Germany;Gütersloh;01/01/1992;"Known as Ascom until 1996. Defunct in 2009. Most assets acquired by Kalypso Media."
ascgames;ASC Games;United States;Darien;01/01/1992;"Defunct in 2000."
asmikcorporationofamerica;Asmik Corporation of America;Japan;;01/01/1985;"Merged with Ace Entertainment."
aspyrmedia;Aspyr Media;United States;Austin;01/01/1996;"Specializes in porting Windows games to Mac OS."
astragon;Astragon;Germany;Mönchengladbach;01/01/2000;""
atariinc;Atari, Inc;United States;Sunnyvale;01/01/1972;"Bought by Warner Bros. in 1976. Closed in 1984, assets split between Atari Corporation and Atari Games."
atarisa;Atari, SA;France;Paris;01/01/2003;"Formerly GT Interactive Software, became full subsidiary of Atari, SA in 2008."
athena;Athena;Japan;;01/01/1987;"No longer publishes video games."
atlantissoftware;Atlantis Software;UK;London;01/01/1984;"Defunct in 1992."
aqinteractive;AQ Interactive;Japan;Tokyo;01/01/2000;"Also a video game developer."
artechdigitalentertainment;Artech Digital Entertainment;Canada;Ottawa;01/01/1982;"Defunct in 2011."
asciicorporation;ASCII Corporation;Japan;Tokyo;01/01/1977;"Acquired by Kadokawa Group Holdings in 2004."
atlus;Atlus;Japan;Shinjuku;01/01/1986;"Also a video game developer. Purchased by Sega in 2013."
atticentertainmentsoftware;Attic Entertainment Software;Germany;Albstadt;01/01/1990;"Defunct in 2001."
audiogeniclimited;Audiogenic Limited;UK;Reading;01/01/1975;"Defunct in 1985; reformed as Audiogenic Software Ltd."
august;August;Japan;;01/01/2001;""
aurandevelopment;Auran Development;Australia;Helensvale;01/01/1995;"Now known as N3V Games."
automatauk;Automata UK;UK;Portsmouth;01/01/1977;"Defunct in 1985."
autumngames;Autumn Games;United States;New York City;01/01/2007;"Focused on providing publishing services for independent developers for digital platforms."
avalonhill;Avalon Hill;United States;Renton;01/01/1954;"Acquired by Hasbro in 1998."
aventurasad;Aventuras AD;Spain;;01/01/1987;"Defunct in 1992."
aventurinesa;Aventurine SA;Greece;Athens;01/01/2002;"Also a video game developer."
bamentertainment;BAM! Entertainment;United States;San Jose;01/01/1999;"Dormant since 2004."
bandaigames;Bandai Games;Japan;Shinagawa;01/01/1950;"Video game operations merged with Namco as Namco Bandai Games. No longer publishes video games."
bandainamcoentertainment;Bandai Namco Entertainment;Japan;Shinagawa;01/01/1955;""
banpresto;Banpresto;Japan;Shinagawa;01/01/1977;"Acquired by Namco Bandai Holdings. No longer publishes video games."
bbcmultimedia;BBC Multimedia;UK;London;01/01/1995;"Defunct in 2005."
beaglebros;Beagle Bros;United States;San Diego;01/01/1980;"Defunct in 1991."
bergsalalightweight;Bergsala Lightweight;Japan;Tokyo;01/01/1995;""
berkeleysystems;Berkeley Systems;United States;Berkeley;01/01/1987;"Acquired by Sierra in 1997. Defunct in 2000."
bethesdasoftworks;Bethesda Softworks;United States;Rockville;01/01/1986;"Also a video game developer."
beyondsoftware;Beyond Software;United Kingdom;;01/01/1983;"Acquired by Telecomsoft in 1985."
bigfishgames;Big Fish Games;United States;Seattle;01/01/2002;"Acquired by Aristocrat Technologies in 2018"
bigfivesoftware;Big Five Software;United States;Van Nuys;01/01/1980;"Defunct in 1984."
bigbeninteractive;Bigben Interactive;France;Lesquin;01/01/1981;""
blackbeangames;Black Bean Games;Italy;Gazzada Schianno;01/01/2004;"Merged with Milestone S.r.l. in 2012."
bluebyte;Blue Byte;Germany;Düsseldorf;01/01/1988;"Also a video game developer. Acquired by Ubisoft and their games are now published by Ubisoft."
broderbund;Broderbund;United States;;01/01/1980;"Acquired by Ubisoft, eventually sold to The Learning Company. No longer publishes video games."
blacklegend;Black Legend;UK;Welwyn;01/01/1993;"Defunct in 1996."
blizzardentertainment;Blizzard Entertainment;United States;Irvine;01/01/1991;"Also a video game developer. Acquired by Davidson & Associates in 1994, renamed from Silicon & Synapse. Acquired by CUC International in 1996, which merged into Cendant in 1997 and was sold to Havas in 1998. Acquired by Vivendi and become part of Vivendi Games group in 1998. Merged into Activision Blizzard in 2008."
blueribbon;Blue Ribbon;UK;Doncaster;01/01/1985;"Label of CDS Micro Systems. Defunct in 1991."
bohemiainteractive;Bohemia Interactive;Czech Republic;Prague;01/01/1999;""
boxofficeinc;Box Office, Inc.;United States;St. Paul;01/01/1987;"Published last game in 1989."
brashentertainment;Brash Entertainment;United States;Hollywood;01/01/2007;"Defunct in 2008."
broccoli;Broccoli;Japan;Tokyo;01/01/1994;""
bugbyte;Bug-Byte;UK;Liverpool;01/01/1980;""
bubblebussoftware;Bubble Bus Software;UK;Tonbridge;01/01/1982;"Defunct in 1989."
budgeco;BudgeCo;United States;California;01/01/1981;"Defunct in 1983."
bulletproofsoftware;Bullet-Proof Software;Japan;;01/01/1980;"Defunct."
bungie;Bungie;Washington;Bellevue;01/01/1991;"Also a video game developer. Formerly a subsidiary of Microsoft. Formerly had a publishing deal with Activision."
ce;C&E;Taiwan;Taipei;01/01/1990;"No longer publishes video games."
californiadreams;California Dreams;United States;California;01/01/1987;"Publishing label of Logical Design Works. Defunct in 1991."
californiapacificcomputercompany;California Pacific Computer Company;United States;Davis;01/01/1979;"Defunct in 1983."
camerica;Camerica;Illinois;Chicago;01/01/1988;""
canalmultimedia;Canal+ Multimedia;France;;01/01/1984;"Publishing arm of the Canal+ Group. No longer publishes video games."
candysoft;Candy Soft;Japan;;01/01/1996;""
capcom;Capcom;Japan;Osaka;01/01/1979;"Also a video game developer."
capstonesoftware;Capstone Software;United States;Miami;01/01/1984;"Subsidiary of IntraCorp. Defunct in 1996."
caramelbox;Caramel Box;Japan;;01/01/2002;"Division of HOBIBOX. Formerly known as HimeyaSoft."
carrylab;Carry Lab;Japan;;01/01/1981;"Defunct."
casadygreene;Casady & Greene;United States;;01/01/1984;"Defunct in 2003."
casescomputersimulations;Cases Computer Simulations;UK;London;01/01/1982;"Published last game in 1994."
cave;Cave;Japan;Tokyo;01/01/1994;""
cbselectronics;CBS Electronics;United States;;01/01/1982;"Closed in 1984."
cdprojektred;CD Projekt Red;Poland;Warsaw;01/01/1994;""
cdssoftware;CDS Software;UK;Doncaster;01/01/1982;"Reformed as iDigicon Ltd in 2002."
cdvsoftwareentertainmentag;CDV Software Entertainment AG;Germany;Bruchsal;01/01/1989;"Defunct in 2010."
centuri;Centuri;United States;Hialeah;01/01/1969;"Known as Allied Leisure until 1980. Defunct in 1985."
chessbase;ChessBase;Germany;Hamburg;01/01/1986;""
spikechunsoft;Spike Chunsoft;Japan;Tokyo;01/01/1984;"Merged with Spike in 2012. Subsidiary of Dwango."
cinemax;Cinemax;Czech Republic;Prague;01/01/1998;""
cigames;CI Games;Poland;Warsaw;01/01/2002;"Also a video game developer. Also known as City Interactive."
cinematronics;Cinematronics;United States;El Cajon;01/01/1975;"Acquired by Tradewest in 1987 and renamed to Leland Corporation."
cinemaware;Cinemaware;United States;Burlingame;01/01/1985;"Defunct in 1991. Reestablished as Cinemaware Inc. in 2000."
circus;Circus;Japan;Hasuda;01/01/2000;""
clubkidsoft;Club Kidsoft;United States;Los Gatos;01/01/1992;"Defunct."
thecocacolacompany;The Coca-Cola Company;Georgia;Atlanta;01/01/1886;"No longer publishes video games."
codemasters;Codemasters;UK;Warwickshire;01/01/1985;"Also a video game developer."
coktelvision;Coktel Vision;France;Paris;01/01/1985;"Acquired by Sierra in 1993."
coleco;Coleco;United States;;01/01/1932;"Also a video game console (ColecoVision and Telstar) and video game developer. Revived in 2005, after being defunct since 1988."
colordreams;Color Dreams;United States;;01/01/1988;"Also a video game developer."
commavid;CommaVid;United States;Aurora;01/01/1981;"Defunct in 1983."
commercialdatasystems;Commercial Data Systems;Canada;Emerald Park;01/01/1982;"Exited the video game industry in 1990."
commodore;Commodore;United States;West Chester;01/01/1954;"Defunct in 1994."
compile;Compile;Japan;;01/01/1982;"Defunct in 2003."
compileheart;Compile Heart;Japan;Tokyo;01/01/2006;"Subsidiary of Idea Factory."
computerandvideogames;Computer and Video Games;UK;Bath;01/01/1981;"Label of Future Publishing. Also known C&VG, CVG, or C+VG. Defunct in 2004."
conspiracyentertainment;Conspiracy Entertainment;United States;Santa Monica;01/01/1997;"Also a video game developer."
coredesign;Core Design;UK;Derby;01/01/1988;"Acquired by Eidos Interactive in 1996; defunct in 2010."
cosmicorporation;Cosmi Corporation;United States;Carson;01/01/1982;""
craveentertainment;Crave Entertainment;United States;Newport Beach;01/01/1997;""
creativecomputing;Creative Computing;United States;;01/01/1974;"Defunct in 1985."
creatures;Creatures;Japan;Tokyo;01/01/1995;"No longer publishes video games."
crimsoncow;Crimson Cow;Germany;Hamburg;01/01/2002;""
crlgroup;CRL Group;UK;London;01/01/1982;"Published last game in 1989."
cronosoft;Cronosoft;UK;;01/01/2002;""
culturebrainexcel;Culture Brain Excel;Japan;Tokyo;01/01/1980;""
cryointeractive;Cryo Interactive;France;Paris;01/01/1989;"Defunct in 2002; assets acquired by Dreamcatcher Interactive."
crystalcomputing;Crystal Computing;UK;Manchester;01/01/1982;"Reestablished as Design Design in 1984."
crystaldynamics;Crystal Dynamics;United States;Redwood City;01/01/1992;"Also a video game developer. Acquired by Eidos Interactive (later Square Enix Europe) and their games are now published by Square Enix."
crytek;Crytek;Germany;Frankfurt;01/01/1999;"Also a video game developer."
cyberdreams;Cyberdreams;United States;Calabasas;01/01/1990;"Defunct in 1997."
cyberdreams;Cyberdreams;UK;Liverpool;01/01/2007;"Also a video game developer. Successor of Ultrasoft."
cybersoft;Cybersoft;Florida;North Miami Beach;01/01/1994;"Label of GameTek. Last game published in 1995."
d3publisher;D3 Publisher;Japan;Tokyo;01/01/1996;""
daedalicentertainment;Daedalic Entertainment;Germany;Hamburg;01/01/2007;""
darxabre;DarXabre;The Netherlands;;01/01/2001;"Defunct."
datamost;Datamost;United States;Chatsworth;01/01/1981;"Defunct in 1985."
datampolystar;Datam Polystar;Japan;Tokyo;01/01/1990;"No longer publishes video games."
datasoft;Datasoft;United States;Chatsworth;01/01/1980;"Reformed as IntelliCreations in 1987."
dataage;Data Age;United States;California;01/01/1982;"Defunct in 1983."
databecker;Data Becker;Germany;Düsseldorf;01/01/1980;"Defunct in 2014."
dataeast;Data East;Japan;Tokyo;01/01/1976;""
davidsonassociates;Davidson & Associates;United States;Torrance;01/01/1983;"Acquired by CUC International in 1996. Defunct in 1999."
davilexgames;Davilex Games;The Netherlands;Houten;01/01/1997;"Ceased publishing video games in 2005."
davka;Davka;United States;Chicago;01/01/1982;"No longer publishes video games."
daybreakgamecompany;Daybreak Game Company;United States;California;01/01/1995;"Also a video game developer. Formerly known as Sony Online Entertainment."
dbsoft;dB-SOFT;Japan;Sapporo;01/01/1980;"Defunct in 2001."
deepsilver;Deep Silver;Germany;Munich;01/01/2002;"Label of Koch Media. Purchased video game developer Volition and the Metro franchise from THQ in 2013. Acquired by THQ Nordic in 2018."
delphinesoftwareinternational;Delphine Software International;France;Paris;01/01/1988;"Defunct in 2004."
delta4;Delta 4;UK;;01/01/1984;"Defunct in 1992."
destinationsoftware;Destination Software;United States;Moorestown;01/01/2001;"Used the label DSI Games. Acquired by GreenScreen Interactive Software in 2008."
destineer;Destineer;United States;Minnesota;01/01/2000;"Also a video game developer. Publishes under the Bold Games, MacSoft, and Atomic Games labels."
devolverdigital;Devolver Digital;United States;Austin;01/01/2008;""
digitalfantasia;Digital Fantasia;UK;Blackpool;01/01/1982;"Ceased publishing in 1983; defunct in 1991."
digitalintegration;Digital Integration;UK;Camberley;01/01/1982;"Acquired by Titus Interactive in 1998; defunct in 2005."
digitaljesters;Digital Jesters;UK;Welwyn Garden City;01/01/2003;"Defunct in 2006."
digitalleisure;Digital Leisure;Canada;Aurora;01/01/1997;""
digitalpictures;Digital Pictures;United States;San Mateo;01/01/1991;"Defunct in 1996."
dinamicmultimedia;Dinamic Multimedia;Spain;Madrid;01/01/1993;"Defunct in 2001."
dinamicsoftware;Dinamic Software;Spain;;01/01/1983;"Also a video game developer. Defunct in 1992."
disneyinteractivestudios;Disney Interactive Studios;United States;Glendale;01/01/1988;"Defunct in 2016."
dktronics;DK'Tronics;UK;Saffron Walden;01/01/1981;"Defunct in 1993."
domark;Domark;UK;London;01/01/1984;"Merged with Big Red Software, Simis, and Eidos Technologies to form Eidos Interactive in 1996."
doublefine;Double Fine;US;San Francisco;01/01/2000;"Acquired by Microsoft Game Studios"
dovetailgames;Dovetail Games;UK;Chatham;01/01/2008;""
dragondata;Dragon Data;UK;Wales;01/01/1980;"Division of Mettoy. Defunct in 1984."
dreamcatchergames;DreamCatcher Games;Canada;Toronto;01/01/1996;"Acquired by JoWooD Productions. Folded into Nordic Games in 2011."
dreamworksinteractive;DreamWorks Interactive;United States;Los Angeles;01/01/1995;"Joint venture between DreamWorks and Microsoft. Acquired by Electronic Arts in 2000."
drosoft;DROsoft;Spain;Madrid;01/01/1986;"Acquired by Electronic Arts in 1994."
dtpentertainment;Dtp entertainment;Germany;Hamburg;01/01/1995;""
dynamicplanning;Dynamic Planning;Japan;Tokyo;01/01/1974;"Also known as Dynamic Kikaku. No longer publishes video games."
dynamix;Dynamix;United States;Eugene;01/01/1984;"Acquired by Sierra in 1990; defunct in 2001."
easygamestation;EasyGameStation;Japan;;01/01/2001;""
ecolesoftware;Ecole Software;Japan;Nishinomiya;01/01/1989;"No longer publishes video games."
eduware;Edu-Ware;United States;Agoura Hills;01/01/1979;"Defunct in 1985."
egames;eGames;United States;Langhorne;01/01/1992;"Published games under the Cinemaware Marquee label. Acquired by Tamino Minerals in 2012."
electricdreamssoftware;Electric Dreams Software;UK;Southampton;01/01/1985;"Defunct in 1989."
electronicarts;Electronic Arts;United States;Redwood City;01/01/1982;"Also a video game developer."
electronicartsvictor;Electronic Arts Victor;Japan;;01/01/1993;"Joint venture of Electronic Arts and Victor Interactive. Defunct in 2003."
electrobrain;Electro Brain;United States;Salt Lake City;01/01/1990;"Defunct in 1998."
theelektrikkeyboard;The Elektrik Keyboard;United States;Chicago;01/01/1978;"Stopped publishing video games in 1979."
elfcorporation;ELF Corporation;Japan;Tokyo;01/01/1989;"Defunct in 2015."
elitesystems;Elite Systems;UK;Lichfield;01/01/1984;""
empireinteractive;Empire Interactive;UK;London;01/01/1987;"Defunct in 2009."
englishsoftware;English Software;UK;Manchester;01/01/1982;"Defunct in 1987."
enix;Enix;Japan;Tokyo;01/01/1975;"Merged with Square as Square Enix."
enlightsoftware;Enlight Software;United States;;01/01/1993;""
enterbrain;Enterbrain;Japan;Tokyo;01/01/1987;"Division of Kadokawa Corporation; its game business was merged into Kadokawa Games in 2009."
durellsoftware;Durell Software;UK;Taunton;01/01/1983;"Exited the video game industry in 1987."
edgegames;Edge Games;United States;Pasadena;01/01/1990;""
eighting;Eighting;Japan;Tokyo;01/01/1993;"Acquired by COLOPL in 2016. No longer self-publishes video games."
electrictransit;Electric Transit;United States;Thousand Oaks;01/01/1985;"Defunct in 1987."
emeraldsoftware;Emerald Software;Ireland;Waterford;01/01/1988;"Defunct in 1991."
encoreinc;Encore, Inc.;United States;Minneapolis;01/01/1994;"Acquired by Speed Commerce in 2002, WYNIT Distribution LLC in 2014. Encore acquired Viva Media."
entertainmentsoftwarepublishing;Entertainment Software Publishing;Japan;;01/01/1997;"Also known as ESP. Acquired by D3 Publisher, which continued to use it as a label until 2010."
enmasseentertainment;En Masse Entertainment;United States;Seattle;01/01/2010;""
eolith;Eolith;South Korea;Seoul;01/01/1996;"Defunct in 2005."
eondigitalentertainment;Eon Digital Entertainment;UK;London;01/01/2000;"Defunct in 2002."
epicgames;Epic Games;United States;Potomac;01/01/1991;"Also a video game developer. Known as Potomac Computer Systems until 1992, and Epic MegaGames until 1999."
epochco;Epoch Co.;Japan;Tokyo;01/01/1958;"No longer publishes video games."
epyx;Epyx;United States;Chappaqua;01/01/1978;"Also a video game developer."
ereinformatique;ERE Informatique;France;;01/01/1981;"Acquired by Infogrames in 1987."
esaformerlysoftmax;ESA (formerly Softmax);South Korea;;01/01/1994;"left from game business"
europress;Europress;UK;Bath;01/01/1965;"Acquired by Hasbro Interactive in 1999."
eushully;Eushully;Japan;Sapporo;01/01/1998;"Team within Arkham Products until 2005; label of Eukleia since then."
examu;Examu;Japan;Tokyo;01/01/1999;"Known as Yuki Enterprise until 2007."
exidy;Exidy;United States;Sunnyvale;01/01/1974;"Defunct in 1989."
fc;F&C;Japan;;01/01/1987;"Known as Ides until 1997; published games under the FairyTale and Cocktail Soft labels until then."
fasa;FASA;United States;;01/01/1980;"Ended video game development and publishing 2012"
fabtek;Fabtek;United States;Redmond;01/01/1987;"Defunct in 1999."
fandom;Fandom;;;01/01/2004;""
fairchildsemiconductor;Fairchild Semiconductor;United States;Sunnyvale;01/01/1957;"Initially a division of Fairchild Camera and Instrument. Acquired by Schlumberger in 1979, then by National Semiconductor in 1987; regained independence in 1997; acquired by ON Semiconductor in 2016."
familysoft;Family Soft;Japan;Tokyo;01/01/1987;""
fantasysoftware;Fantasy Software;UK;Cheltenham;01/01/1983;"Defunct in 1985."
fasterthanlight;Faster Than Light;UK;;01/01/1986;"Label of Gargoyle Games. Defunct in 1989."
fathammer;Fathammer;Finland;;01/01/2002;"Acquired by Telcogames in 2006."
firebirdsoftware;Firebird Software;UK;London;01/01/1983;"Defunct in 1989 upon MicroProse's acquisition of Telecomsoft."
firststarsoftware;First Star Software;United States;Chappaqua;01/01/1982;"Acquired by BBG Entertainment in 2018 and their games are now published by BBG Entertainment."
feralinteractive;Feral Interactive;UK;London;01/01/1999;"Publishes Macintosh and Linux games"
fillincafe;Fill-in-Cafe;Japan;;01/01/1987;"Known as Team Cross Wonder until 1989. Defunct in 1998."
fisherprice;Fisher Price;United States;East Aurora;01/01/1930;"Acquired by Mattel in 1993. No longer publishes video games."
fishtankinteractive;Fishtank Interactive;Germany;Ravensburg;01/01/2000;"Publishing Label of Ravensburger Interactive. Acquired alongside parent by JoWooD Productions in 2002."
flairsoftware;Flair Software;UK;Newcastle upon Tyne;01/01/1990;"Last game published in 1999."
flightplan;Flight-Plan;Japan;Gifu;01/01/1989;"Defunct in 2010."
flyingedge;Flying Edge;United States;Glen Cove;01/01/1992;"Label of Acclaim Entertainment. Defunct in 1994."
focushomeinteractive;Focus Home Interactive;France;Paris;01/01/1996;""
focusmultimedia;Focus Multimedia;UK;Rugeley;01/01/1995;""
formgen;FormGen;United States;Scottsdale;01/01/1987;"Acquired by GT Interactive in 1996."
thefourthdimension;The Fourth Dimension;UK;;01/01/1989;"Also known as The 4th Dimension or 4D. Defunct in 2004."
foxinteractive;Fox Interactive;United States;Los Angeles;01/01/1982;"Also a video game developer. Acquired by Activision Blizzard."
freeversesoftware;Freeverse Software;United States;New York City;01/01/1994;"Acquired by Ngmoco in 2010."
frenchbread;French Bread;Japan;Tokyo;01/01/1998;"Formerly known as Watanabe Seisakusho."
froggo;Froggo;California;Sunnyvale;01/01/1987;"Defunct in 1989."
fromsoftware;FromSoftware;Japan;Tokyo;01/01/1986;"Subsidiary of Kadokawa Corporation"
frontwing;Front Wing;Japan;;01/01/2000;""
ftlgames;FTL Games;United States;San Diego;01/01/1982;"Defunct in 1996."
fujisankeicommunicationsinternational;Fujisankei Communications International;United States;New York;01/01/1986;"No longer publishes video games"
fujitsu;Fujitsu;Japan;Tokyo;01/01/1935;"No longer publishes video games."
fullongames;Full On Games;Japan;Tokyo;01/01/1996;"Also known as FOG."
funcom;Funcom;Norway;Oslo;01/01/1993;"Also a video game developer."
futuregames;Future Games;Czech Republic;Beroun;01/01/1996;"Defunct in 2011."
fuuki;Fuuki;Japan;Kyoto;01/01/1977;"No longer publishes video games."
gcollections;G-Collections;Nevada;Las Vegas;01/01/2001;"Acquired by JAST USA in 2005; defunct in 2015."
grev;G.rev;Japan;;01/01/2000;""
gaelco;Gaelco;Spain;Barcelona;01/01/1981;"Dissolved in 2007"
gaijinworks;Gaijinworks;United States;Redding;01/01/2006;""
gainax;Gainax;Japan;Tokyo;01/01/1984;"No longer publishes video games."
gakken;Gakken;Japan;Tokyo;01/01/1947;"No longer publishes video games."
gamecock;Gamecock;United States;Austin;01/01/2007;"Acquired by SouthPeak Games."
gameloft;Gameloft;France;Paris;01/01/2000;""
gamesbyapollo;Games by Apollo;United States;Richardson;01/01/1981;"Defunct in 1983."
gamesworkshop;Games Workshop;UK;Nottingham;01/01/1975;"Ceased publishing video games in 1985."
gametek;GameTek;United States;North Miami Beach;01/01/1987;"Publishing label of IJE. Defunct in 1998."
gamearts;Game Arts;Japan;Tokyo;01/01/1985;"Acquired by GungHo Online Entertainment in 2005 and their games are now published by GungHo Online Entertainment."
thegamefactory;The Game Factory;Denmark;Aarhus;01/01/2004;"Defunct."
gamepark;Game Park;South Korea;;01/01/1996;"Defunct in 2007."
gamestudio;Game Studio;Japan;Tokyo;01/01/1985;"Defunct in 2015."
gargoylegames;Gargoyle Games;UK;Dudley;01/01/1983;"Defunct in 1987."
gatheringofdevelopers;Gathering of Developers;United States;Austin;01/01/1998;"Acquired by Take Two Interactive in 2000; renamed to Gathering. Defunct in 2004."
gearboxsoftware;Gearbox Software;United States;Frisco;01/01/1999;""
generalentertainment;General Entertainment;Japan;Tokyo;01/01/1994;"Defunct in 2011."
genki;Genki;Japan;Tokyo;01/01/1990;""
ghostlight;Ghostlight;UK;Braintree;01/01/2004;""
globalstarsoftware;Global Star Software;Canada;Ontario;01/01/1992;"Publishing label of Take-Two Interactive, name retired."
gatheringofdevelopers;Gathering of Developers;United States;Texas;01/01/1988;"Acquired by Take-Two Interactive, name retired."
gebellisoftware;Gebelli Software;United States;;01/01/1982;"Defunct in 1984."
giga;Giga;Japan;;01/01/1993;""
gizmondo;Gizmondo;Sweden;;01/01/2000;"Known as Tiger Telematics until 2004. Defunct in 2006."
globalaentertainment;Global A Entertainment;Japan;Tokyo;01/01/1997;"Renamed to GAE, Inc. in 2009."
globalvr;Global VR;United States;San Jose;01/01/1998;""
gnsoftware;GN Software;Japan;;01/01/2003;"Label of Good Navigate."
gogltd;GOG Ltd;Poland;Warsaw;01/01/2008;"Also a digital distribution service."
gogiigames;Gogii Games;Canada;Moncton;01/01/2006;"Also a video game developer."
gothamgames;Gotham Games;United States;New York City;01/01/2002;"Label of Take-Two Interactive. Defunct in 2003."
gottlieb;Gottlieb;United States;Chicago;01/01/1927;"Defunct in 1996."
gotgameentertainment;Got Game Entertainment;United States;Weston;01/01/2002;""
grandslamentertainment;Grandslam Entertainment;UK;Croydon;01/01/1987;"Defunct in 1995."
graphsimentertainment;Graphsim Entertainment;Texas;Addison;01/01/1992;"Also known as Graphic Simulations."
gravity;Gravity;Republic of Korea;Seoul;01/01/2013;"Also a video game developer. Subsidy of GungHo Online Entertainment."
greatwavesoftware;Great Wave Software;United States;Scotts Valley;01/01/1984;"Defunct."
gremlinindustries;Gremlin Industries;United States;San Diego;01/01/1973;"Acquired by Bally in 1984."
gremlininteractive;Gremlin Interactive;UK;Sheffield;01/01/1984;"Acquired by Atari, SA née Infogrames, name retired."
grolierinteractiveinc;Grolier Interactive Inc;United States;New York City;01/01/1982;"Known as Grolier Electronic Publishing Inc until 1996. Acquired by Scholasttic in 1999."
groovegames;Groove Games;Canada;Toronto;01/01/2001;"Defunct in 2009."
gscworldpublishing;GSC World Publishing;Ukraine;Kiev;01/01/2004;""
gteinteractivemedia;GTE Interactive Media;United States;Carlsbad;01/01/1990;"Software publishing arm of GTE. Defunct in 1997."
gtinteractive;GT Interactive;United States;New York City;01/01/1993;"Acquired by Atari, SA née Infogrames."
gunghoonlineentertainment;GungHo Online Entertainment;Japan;Tokyo;01/01/1998;""
gustcoltd;Gust Co. Ltd.;Japan;Nagano;01/01/1993;"Acquired by Koei Tecmo in 2011 and their games are now published by Koei Tecmo."
hackerinternational;Hacker International;Japan;;01/01/1990;"Defunct in 2001."
haikuosoft;Haikuo Soft;Japan;;01/01/2001;""
hallaboratory;HAL Laboratory;Japan;Tokyo;01/01/1980;"No longer publishes video games."
hamstercorporation;Hamster Corporation;Japan;Tokyo;01/01/1999;""
hanbitsoft;HanbitSoft;South Korea;;01/01/1999;"Acquired by T3 Entertainment."
hasbrointeractive;Hasbro Interactive;United States;California;01/01/1995;"Assets acquired by Atari, SA née Infogrames in 2000, no staff retained"
hect;Hect;Japan;;01/01/1988;"Defunct in 2002."
herinteractive;HeR Interactive;United States;Bellevue;01/01/1995;"Also a video game developer."
heurekaklett;Heureka-Klett;Germany;;01/01/1996;"Defunct."
hitechexpressions;Hi Tech Expressions;United States;;01/01/1988;""
hewsonconsultants;Hewson Consultants;UK;;01/01/1981;"Defunct in 1991."
hirameki;Hirameki;United States;Diamond Bar;01/01/2000;"Ceased publishing video games in 2008."
hodderstoughton;Hodder & Stoughton;UK;London;01/01/1868;"No longer publishes video games."
homeentertainmentsuppliers;Home Entertainment Suppliers;Australia;Sydney;01/01/1984;"Also known as HES."
hooksoft;Hooksoft;Japan;Tokyo;01/01/2000;""
hopelab;HopeLab;United States;Redwood City;01/01/2001;""
houghtonmifflinharcourt;Houghton Mifflin Harcourt;United States;Boston;01/01/1832;"Publishes games through its software division, Houghton Mifflin Harcourt Learning Technology, which was known as Riverdeep PLC until its acquisition of Houghton Mifflin in 2006, and then as Houghton Mifflin Riverdeep Group until 2007."
hudsonsoft;Hudson Soft;Japan;Minato;01/01/1973;"Also a video game developer. Acquired by Konami."
humanengineeredsoftware;Human Engineered Software;United States;Brisbane;01/01/1980;"Acquired by Avant Garde Publishing Corp. in 1984."
humanentertainment;Human Entertainment;Japan;Tokyo;01/01/1983;"Defunct in 2000."
humblebundle;Humble Bundle;US;San Francisco;01/01/2010;"Acquired by IGN Entertainment"
hummingbirdsoft;HummingBirdSoft;Japan;;01/01/1982;"Defunct."
humongousentertainment;Humongous Entertainment;United States;City of Industry;01/01/1992;"Defunct in 2004. Since reestablished, but no longer self-publishes."
ibm;IBM;United States;Armonk;01/01/1911;""
iceberginteractive;Iceberg Interactive;The Netherlands;Haarlem;01/01/2009;""
icomsimulations;ICOM Simulations;United States;Wheeling;01/01/1981;"Acquired by Viacom New Media in 1993, reformed as Rabid Entertainment in 1997, and closed in 1998."
ideafactory;Idea Factory;Japan;Tokyo;01/01/1994;""
idsoftware;id Software;United States;Richardson;01/01/1991;"Acquired by ZeniMax Media in 2009."
ignitionentertainment;Ignition Entertainment;UK;Essex;01/01/2002;"Acquired by The Walt Disney Company"
illusionsoft;Illusion Soft;Japan;Yokohama;01/01/2001;""
imageepoch;Imageepoch;Japan;Tokyo;01/01/2005;"Defunct in 2015."
imageworks;Image Works;UK;;01/01/1988;"Label of Mirrorsoft. Last game published in 1991."
imagic;Imagic;United States;California;01/01/1981;"Also a video game developer."
imaginesoftware;Imagine Software;UK;Liverpool;01/01/1982;"Defunct in 1984; rights bought by Ocean Software, which continued to use the Imagine name as a label on some games."
impressionsgames;Impressions Games;United States;Cambridge;01/01/1989;"Acquired by Sierra in 1995; defunct in 2004."
incentivesoftware;Incentive Software;UK;Reading;01/01/1983;"Reformed as Superscape in 1992."
incredibletechnologies;Incredible Technologies;United States;Vernon Hills;01/01/1985;""
index;index+;France;;01/01/1992;"Merged with France Telecom Multimedia in 2000 to become Wanadoo Edition."
indiepubentertainment;indiePub Entertainment;United States;Cincinnati;01/01/2008;""
infocom;Infocom;United States;Cambridge;01/01/1979;"Acquired by Activision, name retired."
infogrames;Infogrames;France;Lyon;01/01/1983;"(Renamed Atari, SA)"
innerprisesoftware;Innerprise Software;United States;Hunt Valley;01/01/1989;"Defunct in 1992."
inscape;Inscape;United States;Los Angeles;01/01/1994;"Acquired by Graphix Zone in early 1997, which ceased operations in November 1997."
intellivisionproductions;Intellivision Productions;United States;;01/01/1997;""
interactivemagic;Interactive Magic;United States;Cary;01/01/1994;"Changed name to iEntertainment Network in 1999."
interceptormicros;Interceptor Micros;UK;Tadley;01/01/1982;"Also a video game developer. Defunct in 1992."
interchannel;Interchannel;Japan;Tokyo;01/01/1931;"Subsidiary of NEC until 2004. No longer publishes video games."
internationalgamessystem;International Games System;Taiwan;New Taipei City;01/01/1989;""
interplayentertainment;Interplay Entertainment;United States;Beverly Hills;01/01/1983;"Also a video game developer. Acquired by Titus Interactive, closed and reopened as an independent publisher."
introversionsoftware;Introversion Software;UK;Walton-on-Thames;01/01/2001;""
intvcorporation;INTV Corporation;United States;;01/01/1984;"Defunct in 1990."
inxileentertainment;inXile Entertainment;United States;Newport Beach;01/01/2002;"Also a video game developer; acquired by Microsoft in 2018."
ique;iQue;China;Suzhou;01/01/2002;"Joint venture between Wei Yen and Nintendo."
irem;Irem;Japan;Tokyo;01/01/1997;"Also a video game developer. Dissolved video game subsidiary in 2011."
itemedia;ITE Media;Denmark;Copenhagen;01/01/1998;"Software publishing arm of Interactive Television Entertainment. Acquired by NDS Group in 2006; defunct in 2010."
jkgreyesoftware;J.K. Greye Software;UK;Bath;01/01/1981;"Reformed as J.K. Greye Enterprises Ltd in 1983."
jaleco;Jaleco;Japan;;01/01/1974;"Also a video game developer."
jastusa;JAST USA;United States;San Diego;01/01/1996;""
jesterinteractive;Jester Interactive;UK;Wales;01/01/1997;""
johnsonjohnson;Johnson & Johnson;United States;New Brunswick;01/01/1886;"No longer publishes video games."
jowoodproductions;JoWooD Productions;Austria;Liezen;01/01/1995;"Folded into Nordic Games in 2011."
jumpstartgamesformerlyknowledgeadventure;JumpStart Games (formerly Knowledge Adventure);United States;Los Angeles;01/01/1989;"Acquired by NetDragon Websoft."
k2networkgamersfirst;K2 Network (Gamersfirst);United States;Irvine;01/01/2001;"Merged with Reloaded Games"
kalistoentertainment;Kalisto Entertainment;France;Bordeaux;01/01/1990;"Label of Atreid Concept until 1996, when it became the name of the company as a whole. Defunct in 2002."
kalypsomedia;Kalypso Media;Germany;Worms;01/01/2006;""
kaneko;Kaneko;Japan;Tokyo;01/01/1980;""
kaypro;Kaypro;United States;San Diego;01/01/1981;"Defunct in 1992; reestablished in 1999; defunct again in 2001."
kemco;Kemco;Japan;;01/01/1984;"Also a video game developer."
kinggames;King Games;Florida;Miami;01/01/2006;"Label of Burger King used for a 2006 advergame promotion."
kid;KID;Japan;Tokyo;01/01/1988;"Defunct in 2006."
kingsoft;Kingsoft;Germany;Aachen;01/01/1983;"Acquired by Electronic Arts in 1983; defunct in 2000."
kingrecords;King Records;Japan;Tokyo;01/01/1931;"No longer publishes video games."
kochmedia;Koch Media;Germany;;01/01/1994;"Bought by THQ Nordic February 2018"
kodansha;Kodansha;Japan;Tokyo;01/01/1938;"No longer publishes video games."
koei;Koei;Japan;Ashikaga;01/01/1976;"Also a video game developer. Merged into Tecmo Koei."
koeitecmo;Koei Tecmo;Japan;;01/01/2009;"Changed name from Tecmo Koei in 2014."
kogadostudio;Kogado Studio;Japan;Tokyo;01/01/1916;""
konami;Konami;Japan;Tokyo;01/01/1969;""
krisalissoftware;Krisalis Software;UK;Rotherham;01/01/1987;"Defunct in 2001."
kss;KSS;Japan;;01/01/1990;"Exited the video game industry in 2001."
kuresoftwarekoubou;Kure Software Koubou;Japan;;01/01/1985;"Also known as KSK."
lacryma;La'cryma;Japan;;01/01/2006;""
lankhor;Lankhor;France;Paris;01/01/1987;"Defunct in 2001."
lelombard;Le Lombard;Belgium;;01/01/1946;"No longer publishes video games."
legacyinteractive;Legacy Interactive;United States;Hollywood;01/01/1998;"Also a video game developer."
legendoentertainment;Legendo Entertainment;Sweden;Gothenburg;01/01/1998;"Known as Iridon Interactive until 2005."
legendentertainment;Legend Entertainment;United States;Chantilly;01/01/1989;"Acquired by GT Interactive in 1998; defunct in 2004."
legointeractive;Lego Interactive;UK;London;01/01/1996;"Publishing arm of Lego Group. Known as Lego Media until 2000, and Lego Software from then until 2002. Defunct in 2005."
lelandcorporation;Leland Corporation;United States;El Cajon;01/01/1987;"Renamed to Leland Interactive Media in 1993. Acquired by WMS Industries in 1994."
level5;Level-5;Japan;Fukuoka;01/01/1998;""
level9computing;Level 9 Computing;UK;;01/01/1981;"Defunct in 1991."
linuxgamepublishing;Linux Game Publishing;UK;Nottingham;01/01/2001;"inactive"
lighthouseinteractive;Lighthouse Interactive;The Netherlands;Haarlem;01/01/2005;"Acquired by SilverBirch Inc. in 2008; defunct in 2009."
ljn;LJN;United States;New York City;01/01/1970;"Acquired by Acclaim Entertainment."
lkavalon;LK Avalon;Poland;Świlcza;01/01/1989;""
llamasoft;Llamasoft;UK;Wales;01/01/1981;""
locknloadpublishing;Lock 'n Load Publishing;US;Pueblo;01/01/2006;""
logotronltd;Logotron Ltd;UK;Cambridge;01/01/1987;"Published last game in 1990."
lokisoftware;Loki Software;United States;Tustin;01/01/1998;""
loriciel;Loriciel;France;;01/01/1983;"Defunct in 1995."
lucasarts;LucasArts;United States;San Francisco;01/01/1982;"Acquired by The Walt Disney Company (originally Lucasfilm Games LLC) and they changed from publisher to licensor."
lumpofsugar;Lump of Sugar;Japan;;01/01/2005;""
macplay;MacPlay;United States;Dallas;01/01/1993;"Label of Interplay until 1997. Revived in 2000 as a label of United Developers."
macsoft;MacSoft;United States;Plymouth;01/01/1993;"Acquired by Destineer in 2003."
madcatz;Mad Catz;United States;San Diego;01/01/1989;"Defunct in 2017."
magicalcompany;Magical Company;Japan;Kobe;01/01/1985;"No longer publishes video games."
magnavox;Magnavox;United States;Napa;01/01/1911;"Also a video game developer. Acquired by Philips in 1974. Exited the video game industry in 1984."
mrchipsoftware;Mr Chip Software;UK;Chester;01/01/1982;"Ceased publishing video games in 1984; changed name to Magnetic Fields in 1988."
magnussoft;magnussoft;Germany;Kesselsdorf;01/01/1984;""
mandarinsoftware;Mandarin Software;UK;Adlington;01/01/1988;"Publishing label of Europress Software. Last game published in 1990."
mangagamer;MangaGamer;Japan;;01/01/2009;""
martech;Martech;UK;Pevensey Bay;01/01/1982;"Ceased publishing video games in 1989."
majescoentertainment;Majesco Entertainment;United States;Edison;01/01/1986;"Exited the video game industry in 2016."
marvelous;Marvelous;Japan;Tokyo;01/01/2011;"Also a video game developer."
marvelousentertainment;Marvelous Entertainment;Japan;Tokyo;01/01/1997;"Merged with AQ Interactive in 2011 to become Marvelous AQL (later Marvelous)."
masaya;Masaya;Japan;;01/01/1985;"Label of NCS until 2014, and of Extreme since then."
mastertronic;Mastertronic;UK;;01/01/1983;"Merged with Virgin Interactive in 1988, and subsequently absorbed into Sega in 1991."
mastiff;Mastiff;California;San Francisco;01/01/2002;"Also a video game developer."
matrixgames;Matrix Games;United States;Staten Island;01/01/2000;"Merged into Slitherine Software in 2010 and their games are published by Slitherine."
mattel;Mattel;United States;El Segundo;01/01/1945;"Exited the video game business in 1984."
maximumgames;Maximum Games;United States;Walnut Creek;01/01/2009;"Formerly Maximum Family Games"
maxis;Maxis;United States;Emeryville;01/01/1987;"Acquired by Electronic Arts and is now its development division. Their games are now published by Electronic Arts or EA Mobile."
maxdesign;Max Design;Austria;Schladming;01/01/1991;"Defunct in 2004."
mc2france;MC2 France;France;Paris;01/01/2003;"Currently publishes under the Microids label."
mclothlorien;MC Lothlorien;UK;;01/01/1982;"Defunct in 1990."
mecc;MECC;United States;Brooklyn Center;01/01/1973;"Defunct in 1999."
mediaworks;MediaWorks;Japan;Tokyo;01/01/1992;"Merged with ASCII Corporation in 2008 to become ASCII MediaWorks. In 2009, its game business was merged into Kadokawa Games."
mediafactory;Media Factory;Japan;Tokyo;01/01/1986;"Label of Recruit until 2011, and of Kadokawa Corporation since then. No longer publishes video games."
mediarings;Media Rings;Japan;Tokyo;01/01/1989;"Defunct in 2007."
megaenterprise;Mega Enterprise;South Korea;Seoul;01/01/1998;"Defunct in 2007."
melbournehouse;Melbourne House;Australia;Melbourne;01/01/1977;"Acquired by Krome Studios in 2006; closed in 2010."
meldac;Meldac;Japan;;01/01/1990;"No longer publishes video games."
metro3dinc;Metro3D, Inc.;United States;San Jose;01/01/1998;"Defunct in 2004."
metropolissoftware;Metropolis Software;Poland;Warsaw;01/01/1992;"Acquired by CD Projekt in 2008; defunct in 2009."
mgminteractive;MGM Interactive;United States;;01/01/1995;"Software publishing arm of Metro-Goldwyn-Meyer. Defunct in 2005."
microdeal;Microdeal;UK;St Austell;01/01/1981;"Rights sold to HiSoft Systems in 1989."
microds;Microïds;France;;01/01/1984;"Also a video game developer. Subsidiary of Anuman."
microillusions;MicroIllusions;United States;Granada Hills;01/01/1987;"Last game published in 1989."
micronetcoltd;Micronet co., Ltd.;Japan;Sapporo;01/01/1982;"No longer publishes video games."
microprose;MicroProse;United States;Hunt Valley;01/01/1982;"Acquired by Hasbro Interactive, name retired."
microsoft;Microsoft;United States;Redmond;01/01/1975;"Publishes games under the Microsoft Game Studios banner since 2002."
microsphere;Microsphere;UK;London;01/01/1982;"Defunct in 1987."
microcabin;Microcabin;Japan;;01/01/1982;"Acquired by AQ Interactive in 2008, and by Fields Corporation in 2011."
micrografx;Micrografx;United States;Richardson;01/01/1982;"Acquired by Corel in 2001."
micrographicimage;MicroGraphic Image;United States;;01/01/1983;"Defunct in 1984."
microgenius;Micro Genius;Taiwan;Taipei;01/01/1989;"Defunct in 1994."
micropower;Micro Power;UK;Leeds;01/01/1980;"Defunct in 1987."
midasinteractiveentertainment;Midas Interactive Entertainment;UK;Braintree;01/01/1999;"Still sells old games but no longer publishes new games under the name."
midwaygames;Midway Games;United States;Chicago;01/01/1988;"Also a video game developer. Assets acquired by Warner Bros. Interactive and THQ."
midwaymanufacturing;Midway Manufacturing;United States;Chicago;01/01/1958;"Also a video game developer. Acquired by Bally in 1969; Bally/Midway was in turn acquired by Williams Electronics in 1987. Reformed as Midway Games in 1988."
mikrogen;Mikro-Gen;UK;Bracknell;01/01/1981;"Acquired by Creative Sparks Distribution in 1987."
milestoneinc;MileStone Inc.;Japan;Tokyo;01/01/2003;"Closed in 2013."
millenniuminteractive;Millennium Interactive;UK;Cambridge;01/01/1988;"Acquired by Sony Interactive Entertainment in 1997."
miltonbradleycompany;Milton Bradley Company;United States;East Longmeadow;01/01/1860;"Acquired by Hasbro in 1984. Defunct in 2009."
minatosoft;Minato Soft;Japan;;01/01/2006;"Also publishes under the Whale label."
mindcraft;Mindcraft;United States;Torrance;01/01/1989;"Last game published in 1993."
mindscape;Mindscape;United States;Novato;01/01/1980;"No longer publishes video games."
minori;Minori;Japan;;01/01/2001;"Software division of CoMixWave until 2007."
mirrorsoft;Mirrorsoft;UK;London;01/01/1982;"Acquired by Acclaim Entertainment in 1992."
mitchellcorporation;Mitchell Corporation;Japan;Tokyo;01/01/1960;"Defunct in 2012."
mojang;Mojang;Sweden;Stockholm;01/01/2009;"Acquired by Microsoft in 2014."
monolithproductions;Monolith Productions;United States;Kirkland;01/01/1994;"Acquired by Warner Bros. in 2004."
montecristo;Monte Cristo;France;Paris;01/01/1995;"Defunct in 2010."
moonstone;Moonstone;Japan;;01/01/2003;"Also publishes under the Moonstone Cherry label."
mosaicpublishing;Mosaic Publishing;UK;London;01/01/1983;"Defunct in 1988."
moss;MOSS;Japan;Tokyo;01/01/1993;""
motowngames;Motown Games;United States;;01/01/1994;"Software publishing arm of Motown. Defunct in 1996."
mountainkingstudios;Mountain King Studios;United States;Chicago;01/01/1992;"No longer publishes video games."
mto;MTO;Japan;Yokohama;01/01/1996;""
mtvgames;MTV Games;United States;New York City;01/01/2006;""
mudduckproductions;Mud Duck Productions;United States;Rockville;01/01/2002;"Label of ZeniMax Media. Defunct in 2007."
musesoftware;Muse Software;United States;Monrovia;01/01/1978;"Also a video game developer."
mumbojumbo;MumboJumbo;United States;Dallas;01/01/2001;""
mystique;Mystique;United States;;01/01/1982;"Offshoot of Caballero Control Corporation and American Multiple Industries. Defunct in 1983."
namco;Namco;Japan;Tokyo;01/01/1955;"No longer publishes video games. Video game division merged with Bandai's video game operations as Namco Bandai Games."
natsumecoltd;Natsume Co Ltd;Japan;Tokyo;01/01/1987;"Renamed to Natsume-Atari in 2013 following merger with subsidiary Atari."
natsumeinc;Natsume Inc;California;Burlingame;01/01/1988;"Division of Natsume Co Ltd until 1995."
navel;Navel;Japan;;01/01/2003;"Label of Omega Vision, Inc."
naxatsoft;Naxat Soft;Japan;Tokyo;01/01/1988;"Defunct in 2015."
nbcuniversal;NBCUniversal;New York City;Midtown Manhattan;01/01/2004;"The game publishing division will be closed in 2019.[1]"
ncsoft;NCsoft;South Korea;Seoul;01/01/1997;""
neccorporation;NEC Corporation;Japan;Tokyo;01/01/1899;"Exited the video game industry in 1998."
nekoentertainment;Neko Entertainment;France;Montreuil;01/01/1999;"Defunct in 2017."
netdragon;Netdragon;China;Fuzhou;01/01/1997;"Also a video game developer."
netease;Netease;China;Guangzhou;01/01/1997;"Also a video game developer and online services company."
newgenerationsoftware;New Generation Software;UK;;01/01/1982;"Defunct in 1986."
newkidco;NewKidCo;United States;Manhattan;01/01/1998;"Defunct in 2005."
newworldcomputing;New World Computing;United States;Agoura Hills;01/01/1984;"Also a video game developer. Purchased by 3DO."
nexon;Nexon;South Korea;Seoul;01/01/1994;"Also a video game developer."
nihonfalcom;Nihon Falcom;Japan;;01/01/1981;""
nintendo;Nintendo;Japan;Kyoto;01/01/1889;"Also a video game developer."
nipponichisoftware;Nippon Ichi Software;Japan;;01/01/1994;"Also a video game developer."
nihonbussan;Nihon Bussan;Japan;;01/01/1970;"A.K.A. Nichibutsu"
nitroplus;Nitroplus;Japan;Tokyo;01/01/2000;""
novagensoftware;Novagen Software;UK;Birmingham;01/01/1983;"Defunct in 1992."
nokia;Nokia;Finland;Espoo;01/01/1865;""
nordcurrent;Nordcurrent;Lithuania;Vilnius;01/01/2002;""
novalogic;NovaLogic;United States;Calabasas;01/01/1985;"Acquired by THQ Nordic in 2016."
ntdec;NTDEC;Taiwan;Taipei;01/01/1983;"Defunct in 1993."
nuttingassociates;Nutting Associates;United States;Mountain View;01/01/1965;"Defunct in 1976."
o3entertainment;O3 Entertainment;United States;Santa Clara;01/01/2001;""
oceansoftware;Ocean Software;UK;Manchester;01/01/1984;"Acquired by Infogrames"
oceanstatepublishing;Ocean State Publishing;United States;Woonsocket;01/01/1990;"Label of Rhode Island Soft Systems. Acquired by Freeze.com in 2003."
oculusstudios;Oculus Studios;United States;Irvine;01/01/2014;"Game publishing arm of Oculus VR."
odincomputergraphics;Odin Computer Graphics;UK;Liverpool;01/01/1985;"Defunct in 1988, re-established in 2005."
operasoft;Opera Soft;Spain;;01/01/1986;"Defunct in 1992."
orbitalmedia;Orbital Media;Canada;Calgary;01/01/2003;"No longer publishes video games."
originsystems;Origin Systems;United States;Austin;01/01/1983;"Also a video game developer. Acquired by Electronic Arts."
orioninteractive;Orion Interactive;United States;;01/01/1996;"Defunct following acquisition by Metro-Goldwyn-Meyer in 1997."
outoftheparkdevelopments;Out of the Park Developments;Germany;Hollern-Twielenfleth;01/01/1999;""
0verflow;0verflow;Japan;Tokyo;01/01/1997;""
oxygengames;Oxygen Games;UK;Northamptonshire;01/01/2004;"Also a video game developer."
ozisoft;OziSoft;Australia;Sydney;01/01/1982;"Acquired by Infogrames in 1998, and Namco Bandai Games in 2009."
pacificnovelty;Pacific Novelty;United States;;01/01/1980;"Last game published in 1983."
packinvideo;Pack-In-Video;Japan;;01/01/1970;"Acquired by Victor Entertainment in 1996; became Victor Interactive Software."
palacesoftware;Palace Software;UK;London;01/01/1983;"Acquired by Titus Software in 1991."
palette;Palette;Japan;Tokyo;01/01/2002;""
panasonic;Panasonic;Japan;Osaka;01/01/1918;"No longer publishes video games."
pandaentertainment;Panda Entertainment;Taiwan;;01/01/1993;"Last game published in 1997."
panesiantaiwan;Panesian Taiwan;Taiwan;;01/01/1990;"Publisher of eroge for the Family Computer and NES"
panthergames;Panther Games;Australia;Canberra;01/01/1985;"No longer publishes video games. Their games are now published by Lock 'n Load Publishing."
panthersoftware;Panther Software;Japan;;01/01/1987;"Last game published in 2004."
paradoxinteractive;Paradox Interactive;Sweden;Stockholm;01/01/1998;"Also a video game developer."
paragonsoftware;Paragon Software;United States;Greensburg;01/01/1985;"Defunct in 1992."
parkerbrothers;Parker Brothers;United States;Beverly;01/01/1883;"Acquired by Hasbro in 1991, which continued to use it as a label on some video games until 1994."
parsoftinteractive;Parsoft Interactive;United States;;01/01/1991;"Defunct in 2002."
penguinsoftware;Penguin Software;United States;Geneva;01/01/1978;""
pentavision;Pentavision;South Korea;;01/01/2003;"Division of Neowiz Games. Merged with GameOn Studios in 2012."
perfectworld;Perfect World;China;Beijing;01/01/2004;"Also a video game developer. Subsidiaries include Runic Games and Cryptic Studios."
personalsoftwareservices;Personal Software Services;UK;Coventry;01/01/1981;"Acquired by Mirrorsoft in 1987."
petitferret;Petit Ferret;Japan;;01/01/2002;"Defunct."
petroglyphgames;Petroglyph Games;US;Las Vegas;01/01/2003;"Also a video game developer."
pfmagic;PF Magic;United States;San Francisco;01/01/1991;"Acquired by Ubisoft in 1998."
phantagram;Phantagram;South Korea;;01/01/1994;""
philips;Philips;Netherlands;Amsterdam;01/01/1891;"No longer publishes video games."
pionesoft;Pionesoft;Japan;;01/01/2003;"Defunct in 2008."
piranhagames;Piranha Games;UK;London;01/01/1986;"Software publishing arm of Macmillan Publishers Ltd. Defunct in 1988."
piranhainteractivepublishing;Piranha Interactive Publishing;United States;Tempe;01/01/1995;"Defunct in 1999."
playfirst;PlayFirst;United States;San Francisco;01/01/2004;"Acquired by Glu mobile in 2014"
playlogicentertainmentinc;Playlogic Entertainment, Inc.;Amsterdam;The Netherlands;01/01/2002;""
playmatestoys;Playmates Toys;United States;Costa Mesa;01/01/1966;""
thepokmoncompany;The Pok�mon Company;Japan;Tokyo;01/01/1998;"Joint venture between Game Freak, Nintendo, and Creatures"
ponycanyon;Pony Canyon;Japan;Tokyo;01/01/1966;"No longer publishes video games."
popcapgames;PopCap Games;United States;Seattle;01/01/2000;"Also a video game developer. Now owned by EA Games."
positechgames;Positech Games;UK;;01/01/1997;""
prestostudios;Presto Studios;United States;Encinitas;01/01/1991;"Defunct in 2002."
princesssoft;PrincessSoft;Japan;;01/01/2001;"Publishing label of Oaks Co., Ltd."
prismleisurecorporation;Prism Leisure Corporation;UK;Enfield;01/01/1984;"Also published under the Addictive Games, Endurance Games, and Paxman Promotions labels. Defunct."
privatedivision;Private Division;US;New York City;01/01/2017;"Label of Take-Two Interactive"
probesoftware;Probe Software;UK;Croydon;01/01/1984;"Acquired by Acclaim Entertainment in 1999; defunct in 2004."
programmainternational;Programma International;United States;Los Angeles;01/01/1978;"Defunct in 1983."
prototype;Prototype;Japan;Tokyo;01/01/2006;""
psygnosis;Psygnosis;UK;Liverpool;01/01/1984;"Also a video game developer."
psikyo;Psikyo;Japan;Kyoto;01/01/1992;"Defunct in 2003; continued to be used a label until 2005."
psytroniksoftware;Psytronik Software;UK;;01/01/1993;""
pulltop;Pulltop;Japan;;01/01/2002;""
purplemoon;Purple Moon;United States;Mountain View;01/01/1997;"Acquired by Mattel in 1999."
purplesoftware;Purple software;Japan;;01/01/1985;"Label of JAST. Known as Purple until 1998."
qualitysoftware;Quality Software;United States;Chatsworth;01/01/1978;"Defunct in 1984."
quantumaxcess;Quantum Axcess;United States;Columbus;01/01/1994;"Last game published c. 2003."
quantumqualityproductions;Quantum Quality Productions;United States;Flemington;01/01/1991;"Acquired by American Laser Games in 1994; defunct in 1995."
questcorporation;Quest Corporation;Japan;Tokyo;01/01/1988;"Defunct in 2002 following acquisition by Square."
quicksilva;Quicksilva;UK;;01/01/1983;"Acquired by Argus Press Software in 1984, which used the Quicksilva name as a label until 1989."
quinrose;QuinRose;Japan;;01/01/2005;""
quintet;Quintet;Japan;Tokyo;01/01/1987;"Defunct in 2002."
qute;Qute;Japan;Sagamihara;01/01/1999;""
qentertainment;Q Entertainment;Japan;Tokyo;01/01/2003;""
r2games;R2Games;China;Hong Kong;01/01/2010;""
rabbitsoftware;Rabbit Software;UK;London;01/01/1982;"Acquired by Virgin Games in 1985."
radicagames;Radica Games;United States;;01/01/1983;"Acquired by Mattel in 2006."
ragesoftware;Rage Software;UK;Liverpool;01/01/1992;"Defunct in 2003."
rainbirdsoftware;Rainbird Software;UK;London;01/01/1986;"Label of Telecomsoft until 1989, and of MicroProse from then until its discontinuation in 1991."
rainbowarts;Rainbow Arts;Germany;Gütersloh;01/01/1984;"Also a video game developer. Acquired by Funsoft and subsequently absorbed into THQ in 1999."
rare;Rare;UK;Twycross;01/01/1985;"Acquired by Microsoft in 2002."
ravensburgerinteractive;Ravensburger Interactive;Germany;Ravensburg;01/01/1883;"Video game subsidiary of Ravensburger AG. Acquired by JoWooD Productions in 2002."
rawthrills;Raw Thrills;United States;Skokie;01/01/2001;""
redantenterprises;Red Ant Enterprises;Australia;;01/01/2001;"Local distributor for other publishers' games. Defunct in 2011."
redbarrels;Red Barrels;Canada;Montreal;01/01/2011;"Also a video game developer."
redentertainment;Red Entertainment;Japan;Tokyo;01/01/1976;"Known as Red Company until 2000."
redoctane;RedOctane;United States;Mountain View;01/01/1999;"Acquired by Activision in 2006; defunct in 2010."
redorbentertainment;Red Orb Entertainment;United States;Novato;01/01/1997;"Label of Broderbund, and of Mindscape from 1998 onward. Defunct in 2001 following acquisition by Ubisoft."
redshift;Red Shift;England;London;01/01/1983;"Defunct in 1985."
redstormentertainment;Red Storm Entertainment;United States;Cary;01/01/1996;"Also a video game developer. Acquired by Ubisoft and their games are now published by Ubisoft."
regista;Regista;Japan;;01/01/2004;""
relinesoftware;reLINE Software;Germany;Hanover;01/01/1987;"Defunct in 2004."
renegadesoftware;Renegade Software;UK;Wapping;01/01/1991;"Publishing arm of The Bitmap Brothers. Acquired by GT Interactive in 1997."
renovationproducts;Renovation Products;United States;;01/01/1990;"Acquired by Sega"
richardshepherdsoftware;Richard Shepherd Software;UK;Slough;01/01/1982;"Defunct in 1984."
rightstuff;Right Stuff;Japan;Tokyo;01/01/1990;"Defunct in 1999."
riotgames;Riot Games;United States;Santa Monica;01/01/2006;"Also a video game developer. Acquired by Tencent."
ripcordgames;Ripcord Games;United States;Santa Clara;01/01/1996;"Label of Panasonic Interactive Media until 1999. Stopped publishing video games in 2001. Defunct in 2009."
risingstargames;Rising Star Games;UK;Hitchin;01/01/2004;""
riverhillsoft;Riverhillsoft;Japan;;01/01/1982;"Defunct in 2004."
rockola;Rock-Ola;United States;Chicago;01/01/1927;"No longer publishes video games."
rockstargames;Rockstar Games;United States;New York;01/01/1998;"Also a video game developer. Currently a publishing label of Take-Two Interactive."
romstar;Romstar;United States;Torrance;01/01/1984;"Defunct in 1992."
romtech;Romtech;United States;Langhorne;01/01/1999;"Defunct."
rovioentertainment;Rovio Entertainment;Finland;Espoo;01/01/2003;"Publishers its own developed games as well as 3rd parties under Rovio Stars"
rtlgroup;RTL Group;Luxembourg;Kirchberg;01/01/1920;"Published under the RTL Playtainment label. Currently its subsidiary, BroadbandTV, publishes some mobile games."
runesoft;RuneSoft;Germany;Tübingen;01/01/2000;""
sagaplanets;Saga Planets;Japan;Osaka;01/01/1998;""
sammystudios;Sammy Studios;Japan;Minato;01/01/2004;"Merged with Sega as Sega Sammy Holdings,"
samsung;Samsung;South Korea;Seoul;01/01/1938;"No longer publishes video games."
sanctuarywoods;Sanctuary Woods;Canada;Victoria;01/01/1988;"Defunct in 2001."
scavengerinc;Scavenger, Inc.;United States;Los Angeles;01/01/1996;"Defunct in 1998."
scopely;Scopely;United States;Culver City;01/01/2011;""
scigames;SCi Games;UK;London;01/01/1988;"Bought and merged with Eidos Interactive in 2005. Name retired."
scssoftware;SCS Software;Czech Republic;Prague;01/01/1997;""
safarisoftware;Safari Software;United States;Houston;01/01/1989;"Acquired by Epic MegaGames in 1997."
scholastic;Scholastic;United States;Wilkinsburg;01/01/1920;"Ceased publishing video games in 2007."
sears;Sears;United States;Chicago;01/01/1886;"Published under the Tele-Games label. Exited the video game industry in 1983."
sega;Sega;Japan;Tokyo;01/01/1960;"Also a video game developer. Merged with Sammy Studios as Sega Sammy Holdings."
seibukaihatsu;Seibu Kaihatsu;Japan;Tokyo;01/01/1982;"Ceased publishing video games in 1998."
setacorporation;SETA Corporation;Japan;Tokyo;01/01/1985;"Defunct in 2009."
shadowtorstudios;Shadow Tor Studios;UK;;01/01/2005;""
shanda;Shanda;China;Shanghai;01/01/1999;"Gaming unit spun off as Shanda Games (later Shengqu Games) in 2009."
sharpcorporation;Sharp Corporation;Japan;Sakai;01/01/1912;"No longer publishes video games."
shengqugames;Shengqu Games;China;Shanghai;01/01/1999;""
sherstonsoftware;Sherston Software;UK;Sherston;01/01/1983;"Defunct in 2011; now a label of Sherston Publishing Group."
shoeisha;Shoeisha;Japan;Tokyo;01/01/1986;"No longer publishes video games."
shogakukan;Shogakukan;Japan;Tokyo;01/01/1922;""
sierraentertainment;Sierra Entertainment;United States;California;01/01/1979;"Also a video game developer. Defunct in 2008. Its name was revived as Activision's brand in 2014."
siliconbeachsoftware;Silicon Beach Software;United States;San Diego;01/01/1984;"Acquired by Aldus in 1990."
silmarils;Silmarils;France;Lognes;01/01/1987;"Defunct in 2003."
simonschusterinteractive;Simon & Schuster Interactive;United States;New York City;01/01/1995;"Defunct in 2003."
simscoltd;SIMS Co., Ltd.;Japan;Tokyo;01/01/1991;""
simulationscanada;Simulations Canada;Canada;;01/01/1977;"No longer publishes video games."
sinclairresearchltd;Sinclair Research Ltd.;UK;London;01/01/1973;"Brand name sold to Amstrad in 1985, which continued to use it as a label until 1992."
siriussoftware;Sirius Software;United States;Sacramento;01/01/1980;"Defunct in 1984."
sirtech;Sir-Tech;United States;New York City;01/01/1979;"Defunct in 2003."
slitherine;Slitherine;UK;Epsom;01/01/2000;"Publisher of strategy and wargames on PC, Mac, mobile and home consoles."
snk;SNK;Japan;Osaka;01/01/2001;"Acquired by 37Games in 2015"
soedesco;Soedesco;The Netherlands;Rotterdam;01/01/2001;""
sofel;SOFEL;Japan;Tokyo;01/01/1979;"No longer publishes video games."
softworld;Soft-World;Taiwan;Taipei;01/01/1983;""
softape;Softape;United States;;01/01/1978;"Defunct in 1983."
softdisk;Softdisk;United States;Shreveport;01/01/1981;"Defunct in 2016."
softkey;SoftKey;United States;;01/01/1978;"Known as Micro International Corp. until 1989, and as WordStar International Inc. until 1994. Changed name to The Learning Company in 1996; continued to use the SoftKey label on some software until 1999, when the company was acquired by Mattel."
softekinternationalltd;Softek International Ltd;UK;London;01/01/1980;"Defunct in 1989. Published some games under the label The Edge."
softside;SoftSide;United States;;01/01/1978;"Defunct in 1984."
softstar;Softstar;Taiwan;Taipei;01/01/1988;""
software2000;Software 2000;Germany;Eutin;01/01/1987;"Defunct in 2002."
softwaredynamics;Software Dynamics;Canada;Victoria;01/01/1987;""
softwareprojects;Software Projects;UK;Liverpool;01/01/1983;"Defunct in 1985."
sonyimagesoft;Sony Imagesoft;United States;Los Angeles;01/01/1989;"Initially known as CSG Imagesoft. Defunct in 1995."
sonyinteractiveentertainment;Sony Interactive Entertainment;United States;San Mateo;01/01/1993;""
sonypicturesdigital;Sony Pictures Digital;United States;California;01/01/1997;"Publisher of mobile phone games."
southpeakgames;SouthPeak Games;United States;Virginia;01/01/1996;""
spectralassociates;Spectral Associates;United States;Tacoma;01/01/1980;"Published last game in 1988."
spectravideo;Spectravideo;United States;;01/01/1981;"Published Atari 2600 games under the label Spectravision. Defunct in 1988."
spectrumholobyte;Spectrum HoloByte;United States;Alameda;01/01/1983;"Also a video game developer. Acquired by Hasbro Interactive."
spike;Spike;Japan;Tokyo;01/01/1991;"Merged with Chunsoft in 2012."
spilgames;Spil Games;The Netherlands;Hilversum;01/01/2001;"Also a video game developer."
spinnakersoftware;Spinnaker Software;United States;Cambridge;01/01/1982;"Acquired by The Learning Company in 1994."
square;Square;Japan;Tokyo;01/01/1986;"Also a video game developer. Merged with Enix to create Square Enix."
squareelectronicarts;Square Electronic Arts;United States;Costa Mesa;01/01/1998;"Owned by Square and Electronic Arts. Folded back into Square and changed to Square Enix."
squareenix;Square Enix;Japan;Tokyo;01/01/1975;""
squareenixeurope;Square Enix Europe;UK;London;01/01/1990;"Also a video game developer. Acquired by SCi Games in 2005, then by Square Enix in 2009. Formerly known as Eidos Interactive until 2009."
stardock;Stardock;United States;Livonia;01/01/1991;"Also a video game developer."
starpath;Starpath;United States;Livermore;01/01/1981;"Defunct in 1984."
sternelectronics;Stern Electronics;United States;Chicago;01/01/1977;"Ceased video game production in 1985."
stingentertainment;Sting Entertainment;Japan;Tokyo;01/01/1989;""
stormimpact;Storm Impact;United States;Glenview;01/01/1989;"Defunct in 1997."
strategicsimulationsssi;Strategic Simulations (SSI);United States;Sunnyvale;01/01/1979;"Also a video game developer Acquired by Ubisoft, name retired."
strategicstudiesgroup;Strategic Studies Group;Australia;;01/01/1983;"No longer publishes video games. Their games are now published by Matrix Games."
stormfrontstudios;Stormfront Studios;United States;San Rafael;01/01/1988;"Defunct in 2008."
strategyfirst;Strategy First;Canada;Montreal;01/01/1988;""
studioego;Studio e.go!;Japan;Osaka;01/01/1998;"Defunct in 2009."
sublogic;subLOGIC;United States;Urbana-Champaign;01/01/1975;"Acquired by Sierra in 1995."
success;Success;Japan;Tokyo;01/01/1978;"Also a video game developer."
sunflowersinteractiveentertainmentsoftware;Sunflowers Interactive Entertainment Software;Germany;Heusenstamm;01/01/1993;"Acquired by Ubisoft in 2007."
sunriseinteractive;Sunrise Interactive;Japan;;01/01/1998;"Defunct in 2008."
sunsoft;Sunsoft;Japan;Aichi;01/01/1981;"Closed U.S. offices, operates out of Japan."
superiorsoftware;Superior Software;UK;Leeds;01/01/1982;""
supersoft;Supersoft;UK;Harrow;01/01/1978;"Ceased publishing video games in 1985."
sydneydevelopmentcorporation;Sydney Development Corporation;Canada;Vancouver;01/01/1978;"Defunct in 1989."
superfighterteam;Super Fighter Team;United States;San Diego;01/01/2004;""
suzysoft;Suzy Soft;Croatia;Zagreb;01/01/1985;"Software division of Suzy Records. Defunct in 1988."
synapsesoftware;Synapse Software;California;Richmond;01/01/1981;"Purchased by Broderbund in 1984. Defunct in 1986."
synergisticsoftware;Synergistic Software;United States;Seattle;01/01/1978;"Acquired by Sierra in 1996; defunct in 1999."
systemsoft;SystemSoft;Japan;;01/01/1985;"No longer publishes video games."
system3;System 3;UK;London;01/01/1982;"Also a video game developer."
systemsacom;System Sacom;Japan;Tokyo;01/01/1981;"No longer publishes video games."
tactics;Tactics;Japan;;01/01/1997;"Acquired by Nexton in 1999, which has continued to use the Tactics brand on some games."
taito;Taito;Japan;Tokyo;01/01/1953;"Also a video game developer. Acquired by Square Enix."
takara;Takara;Japan;;01/01/1955;"Merged with Tomy in 2006."
taketwointeractive;Take-Two Interactive;United States;New York;01/01/1993;"Also owns publishers Rockstar Games, 2K Games (2K Sports), and Private Division. Also a video game developer."
talonsoft;TalonSoft;United States;Baltimore;01/01/1995;"Also a video game developer. Acquired by Take-Two Interactive, name retired."
tamsoft;Tamsoft;Japan;Tokyo;01/01/1992;""
tandycorporation;Tandy Corporation;United States;Fort Worth;01/01/1919;"Ceased publishing games in 1989."
taxan;Taxan;Japan;;01/01/1981;"No longer publishes video games."
tdkmediactive;TDK Mediactive;United States;Westlake Village;01/01/1990;"American software publishing arm of TDK. Defunct in 2003."
team17;Team17;UK;Wakefield;01/01/1990;"Also a video game developer."
teamshanghaialice;Team Shanghai Alice;Japan;;01/01/1996;""
techland;Techland;Poland;Ostrów Wielkopolski;01/01/1991;""
technicalgrouplaboratory;Technical Group Laboratory;Japan;Osaka;01/01/1984;"Also known as TGL."
technologyandentertainmentsoftware;Technology and Entertainment Software;Japan;;01/01/1982;"Also known as T&E Soft. Ceased publishing video games in 2002."
technosoft;Technosoft;Japan;Sasebo;01/01/1980;"Acquired by Twenty-one Company in 2001."
technosjapan;Technos Japan;Japan;Tokyo;01/01/1981;"Also a video game developer. Assets acquired by Atlus."
tecmagik;TecMagik;United States;California;01/01/1991;"Also a video game developer."
tecmo;Tecmo;Japan;;01/01/1967;"Merged into Tecmo Koei."
tectoy;Tectoy;Brazil;Sao Paulo;01/01/1987;""
telarium;Telarium;United States;Cambridge;01/01/1984;"Defunct in 1987."
telesys;Telesys;United States;Fremont;01/01/1982;"Defunct in 1984."
telenetjapan;Telenet Japan;Japan;;01/01/1983;"Defunct in 2007."
telltalegames;Telltale Games;United States;San Rafael;01/01/2004;"Defunct in 2018."
tencent;Tencent;China;Shenzhen;01/01/1998;"Also a video game developer and online services company. Has a minority stake in Epic Games and owns Riot Games as a subsidiary."
tengen;Tengen;United States;Milpitas;01/01/1987;"Publishing arm of Atari Games. Defunct in 1994 following acquisition by Time Warner."
texasinstruments;Texas Instruments;United States;Dallas;01/01/1930;"Exited the video game industry in 1984."
thalamusltd;Thalamus Ltd;UK;London;01/01/1986;"Defunct in 1993."
thalionsoftware;Thalion Software;Germany;Gütersloh;01/01/1988;"Defunct in 1994."
the9;The9;China;Shanghai;01/01/1999;"Former regional publisher for World of Warcraft in China"
thelearningcompany;The Learning Company;United States;San Francisco;01/01/1980;"Merged with Mattel Interactive, no longer publishes video games"
thinchenenterprise;Thin Chen Enterprise;Taiwan;Taipei;01/01/1988;"Also used the labels Sachen, Commin, and Joy Van. Defunct."
thinkingrabbit;Thinking Rabbit;Japan;Takarazuka;01/01/1982;"Defunct."
thq;THQ;United States;Agoura Hills;01/01/1989;"Also a video game developer. Nordic Games (now THQ Nordic) revived the THQ brand in 2016, and all THQ franchises folded to THQ Nordic."
thqnordic;THQ Nordic;Austria;;01/01/2011;"Purchased Darksiders, Red Faction, and MX vs. ATV franchises from THQ, Previously called Nordic Games from 2011–2016."
thornemicomputersoftware;Thorn EMI Computer Software;UK;London;01/01/1981;"Software publishing arm of Thorn EMI. Spun off and reestablished as Creative Sparks in 1984."
threesixtypacific;Three-Sixty Pacific;United States;;01/01/1987;"Defunct in 1994."
tiertexdesignstudios;Tiertex Design Studios;UK;Manchester;01/01/1987;"Last game published in 2003."
tigerelectronics;Tiger Electronics;United States;Vernon Hills;01/01/1978;"Also a video game developer. Acquired by Hasbro in 1998."
timewarnerinteractive;Time Warner Interactive;United States;Milpitas;01/01/1993;"Merged into Midway Games West in 1996."
titusinteractive;Titus Interactive;France;;01/01/1985;""
toaplan;Toaplan;Japan;;01/01/1984;"Defunct in 1994."
toeianimation;Toei Animation;Japan;Tokyo;01/01/1956;""
toho;Toho;Japan;Tokyo;01/01/1932;"No longer publishes video games."
tokumashoten;Tokuma Shoten;Japan;Tokyo;01/01/1954;"No longer publishes video games."
tokyoshoseki;Tokyo Shoseki;Japan;Tokyo;01/01/1909;"No longer publishes video games."
tomytakaratomy;Tomy (Takara Tomy);Japan;Tokyo;01/01/1924;"Merged with Takara in 2006."
tommo;Tommo;California;City of Industry;01/01/1990;""
tonkinhouse;Tonkin House;Japan;Tokyo;01/01/1986;"Defunct in 2008."
topologika;Topologika;UK;Stilton;01/01/1983;"Defunct in 2013."
toposoft;Topo Soft;Spain;;01/01/1987;"Defunct in 1994."
topwareinteractive;TopWare Interactive;Germany;Karlsruhe;01/01/1995;"Also a video game developer. After filing for bankruptcy in 2001, it was acquired by Zuxxez Entertainment, and later resurrected in 2005. Filed for bankruptcy again in 2016, but continues to publish future video games."
toshibaemi;Toshiba EMI;Japan;Tokyo;01/01/1960;"Defunct in 2013."
towachiki;Towa Chiki;Japan;Tokyo;01/01/1986;"Defunct in 2001."
tradewest;Tradewest;United States;Corsicana;01/01/1986;"Acquired by Midway Games, name retired."
treco;Treco;California;Torrance;01/01/1990;"Defunct in 1993."
triangleservice;Triangle Service;Japan;Tokyo;01/01/2002;""
triffixentertainment;Triffix Entertainment;Canada;Montreal;01/01/1991;"Last game published in 1992."
trilobytesoftware;Trilobyte Software;United States;Medford;01/01/1990;"Defunct in 1999, re-established in 2010."
tripwireinteractive;Tripwire Interactive;United States;Roswell;01/01/2005;""
trisynergy;Tri Synergy;United States;Dallas;01/01/1996;""
trubluentertainment;Tru Blu Entertainment;Australia;Sydney;01/01/1999;""
tsunamigames;Tsunami Games;United States;Oakhurst;01/01/1991;"Sold to Tsunami Media Corporation in 1999."
ttgames;TT Games;UK;Maidenhead;01/01/2005;"Also a video game developer. Merger of Giant Interactive Entertainment and Traveller's Tales. Acquired by Warner Bros. Interactive."
twilightfrontier;Twilight Frontier;Japan;;01/01/2002;""
tynesoft;Tynesoft;UK;Blaydon;01/01/1983;"Exited the video game industry in 1991."
typemoon;Type-Moon;Japan;;01/01/2000;""
ubisoft;Ubisoft;France;Montreuil-sous-Bois;01/01/1986;"Also a video game developer."
uepsystems;UEP Systems;Japan;Tokyo;01/01/1985;"Defunct in 2001."
ufointeractivegames;UFO Interactive Games;California;City of Industry;01/01/1999;"Label of Tommo."
ultimateplaythegame;Ultimate Play the Game;UK;Ashby-de-la-Zouch;01/01/1982;"Acquired by U.S. Gold in 1985, which continued to use the Ultimate name as a label on some games. Defunct in 1988."
ultrasoft;Ultrasoft;Slovakia;Bratislava;01/01/1989;"Defunct in 1998."
ultragames;Ultra Games;United States;Buffalo Grove;01/01/1988;"Shell company and publishing label for Konami. Name retired in 1992."
unitedstatesarmy;United States Army;United States;Arlington;01/01/1775;""
universalentertainmentcorporation;Universal Entertainment Corporation;Japan;;01/01/1969;""
usgold;U.S. Gold;UK;Birmingham;01/01/1984;"Also a video game developer. Acquired by Eidos Interactive."
userjoytechnology;UserJoy Technology;Taiwan;;01/01/1995;""
usgames;US Games;United States;Santa Clara;01/01/1978;"Acquired by Quaker Oats in 1982. Defunct in 1983."
valcongames;Valcon Games;United States;Bellevue;01/01/2005;"No longer active."
valve;Valve;United States;Bellevue;01/01/1996;"Also a video game developer."
vap;VAP;Japan;Tokyo;01/01/1981;"No longer publishes video games."
varie;Varie;Japan;;01/01/1986;"Defunct in 1997."
vebpolytechnik;VEB Polytechnik;Germany;Chemnitz;01/01/1870;"Defunct in 2006."
vectorbeam;Vectorbeam;United States;California;01/01/1978;"Acquired by Cinematronics in 1980."
viacom;Viacom;United States;New York City;01/01/1952;"Published video games under the Viacom New Media label. Company split in 2005."
victorinteractive;Victor Interactive;Japan;;01/01/1970;"Subsidiary of JVC. Merged with Pack-In-Video in 1996. Acquired by Marvelous Entertainment in 2003; defunct in 2007."
victokai;Vic Tokai;Japan;Shizuoka;01/01/1977;"No longer publishes video games."
virgininteractive;Virgin Interactive;UK;London;01/01/1983;"Also a video game developer. Known as Virgin Games until 1993. American branch acquired and closed by Electronic Arts in 1998, European branch acquired by Titus Software in 1999, and re-branded to Avalon Interactive in 2003. Stopped publishing games after 2002."
virginplay;Virgin Play;Spain;;01/01/1995;"Known as Virgin Interactive Espana SA until 2002. Filed for liquidation in 2009."
virtualprogramming;Virtual Programming;UK;Bournemouth;01/01/2000;""
viscocorporation;Visco Corporation;Japan;;01/01/1982;"No longer publishes video games."
thevisionfactory;The Vision Factory;The Netherlands;Den Bosch;01/01/1993;"Defunct in 2002."
visualarts;VisualArt's;Japan;Osaka;01/01/1991;""
vivariuminc;Vivarium Inc.;Japan;Tokyo;01/01/1993;"Previously known as OPeNBooK Co., Ltd."
vivendigames;Vivendi Games;California United States;Los Angeles;01/01/1993;"Merged with Activision to form Activision Blizzard in 2008."
vortexsoftware;Vortex Software;UK;Manchester;01/01/1981;"Defunct in 1990."
voxelstorm;VoxelStorm;UK;Manchester;01/01/2012;"Also a video game developer and music publisher."
vulcansoftware;Vulcan Software;UK;Cotswolds;01/01/1994;""
walesinteractive;Wales Interactive;UK;Bridgend;01/01/2012;"Also a video game developer."
walnutcreekcdrom;Walnut Creek CDROM;United States;Walnut Creek;01/01/1991;"Merged with Berkeley Software Design in 2000."
wanadooedition;Wanadoo Edition;France;Paris;01/01/2000;"Software publishing arm of Wanadoo. Defunct in 2003."
warashi;Warashi;Japan;Tokyo;01/01/1995;""
wargaming;Wargaming;Cyprus;Nicosia;01/01/1998;"Also a video game developer."
warnerbrosinteractive;Warner Bros. Interactive;United States;Burbank;01/01/1993;""
warp;WARP;Japan;;01/01/1994;"Exited the video game industry in 1999, defunct in 2005."
webfoottechnologies;Webfoot Technologies;United States;Lemont;01/01/1993;""
webzen;Webzen;South Korea;Seoul;01/01/2000;"Also a video game developer."
wildtangent;WildTangent;United States;Redmond;01/01/1998;""
williamselectronics;Williams Electronics;United States;Chicago;01/01/1943;"Exited the video game industry in 1998."
windhamclassics;Windham Classics;United States;Cambridge;01/01/1984;"Published last game in 1985."
windmill;Windmill;Japan;;01/01/2002;"Publishes under the Windmill Oasis label."
windmillsoftware;Windmill Software;Canada;Toronto;01/01/1982;"Defunct in 1984."
winkysoft;Winkysoft;Japan;Osaka;01/01/1983;"Defunct in 2015."
wisdomtree;Wisdom Tree;United States;Tucson;01/01/1989;"Known for Christian-themed games."
wizardworks;WizardWorks;United States;Minneapolis;01/01/1990;"Acquired by GT Interactive in 1996. Defunct in 2004."
wolfteam;Wolf Team;Japan;Tokyo;01/01/1986;"Acquired by Namco in 2003."
workingdesigns;Working Designs;United States;Redding;01/01/1986;"Specialized in the localization of Japan-native RPGs."
xicatinteractive;Xicat Interactive;United States;Fort Lauderdale;01/01/1997;"Defunct in 2005."
xonox;Xonox;United States;Minnesota;01/01/1983;"Defunct in 1984."
xseedgames;XSEED Games;United States;Torrance;01/01/2005;""
xsgames;XS Games;United States;New York;01/01/2002;""
yeti;Yeti;Japan;;01/01/2005;""
yojigen;Yojigen;Japan;;01/01/1994;"Defunct."
yonezawapr21;Yonezawa PR21;Japan;;01/01/1988;"Also known as Party Room 21. Acquired by Sega in 1994; defunct in 1998."
yukes;Yuke's;Japan;Osaka;01/01/1993;""
yutaka;Yutaka;Japan;;01/01/1990;"Defunct in 2003 following merger with Popy."
zaccaria;Zaccaria;Italy;Bologna;01/01/1974;"Defunct in 1988."
zapitgames;ZAPiT Games;Canada;Mississauga;01/01/2003;"Defunct."
zenimaxmedia;ZeniMax Media;United States;;01/01/1999;"Also owns publisher Bethesda Softworks."
zenobi;Zenobi;UK;Rochdale;01/01/1982;""
zeppelingames;Zeppelin Games;UK;Gateshead;01/01/1987;"Acquired by Merit Studios Inc. in 1994 and renamed to Merit Studios Europe. Subsequently, regained independence in 1996 and reestablished itself as Eutechnyx. No longer publishes its own games."
zigurat;Zigurat;Spain;;01/01/1986;"Published last game in 1992."
zimag;Zimag;United States;;01/01/1982;"Publishing label of Magnetic Tape International. Defunct in 1983."
zoom;Zoom;Japan;Sapporo;01/01/1988;""
zuxxezentertainment;Zuxxez Entertainment;Germany;Karlsruhe;01/01/2001;"Acquired TopWare Interactive in 2001. Renamed itself to TopWare Interactive in 2005. Name retired."
zushigames;Zushi Games;UK;Sheffield;01/01/1999;""
zynga;Zynga;California;San Francisco;01/01/2007;""
zyx;ZyX;Japan;;01/01/1994;""
